fhpolrigaug,lrgdpch,country,year,year_numeric,sample,code,polity4
NA,NA,Andorra,1950,31,0,ADO,NA
NA,NA,Andorra,1955,32,0,ADO,NA
NA,NA,Andorra,1960,33,1,ADO,NA
NA,NA,Andorra,1965,34,1,ADO,NA
0.5,NA,Andorra,1970,35,1,ADO,NA
NA,NA,Andorra,1975,36,1,ADO,NA
NA,NA,Andorra,1980,37,1,ADO,NA
NA,NA,Andorra,1985,38,1,ADO,NA
NA,NA,Andorra,1990,39,1,ADO,NA
1,NA,Andorra,1995,40,1,ADO,NA
1,NA,Andorra,2000,41,1,ADO,NA
0.12,NA,Afghanistan,1950,31,0,AFG,0
0.11,NA,Afghanistan,1955,32,0,AFG,0
0.14,NA,Afghanistan,1960,33,1,AFG,0
0.23,NA,Afghanistan,1965,34,1,AFG,0.15
0.5,NA,Afghanistan,1970,35,1,AFG,0.15
0,NA,Afghanistan,1975,36,1,AFG,0.15
0,NA,Afghanistan,1980,37,1,AFG,0.15
0,NA,Afghanistan,1985,38,1,AFG,0.15
0,NA,Afghanistan,1990,39,1,AFG,0.1
0,NA,Afghanistan,1995,40,1,AFG,NA
0,NA,Afghanistan,2000,41,1,AFG,0.15
NA,NA,Angola,1950,31,0,AGO,NA
NA,NA,Angola,1955,32,0,AGO,NA
NA,7.812518,Angola,1960,33,0,AGO,NA
0.12,7.963571,Angola,1965,34,0,AGO,NA
NA,8.11033,Angola,1970,35,0,AGO,NA
0.1666667,7.642973,Angola,1975,36,0,AGO,0.15
0,7.563512,Angola,1980,37,1,AGO,0.15
0,7.528483,Angola,1985,38,1,AGO,0.15
0,7.57377,Angola,1990,39,1,AGO,0.15
0.1666667,7.132994,Angola,1995,40,1,AGO,NA
0.1666667,NA,Angola,2000,41,1,AGO,0.35
0.24,NA,Albania,1950,31,0,ALB,0.05
0.24,NA,Albania,1955,32,0,ALB,0.05
0.2,NA,Albania,1960,33,1,ALB,0.05
0.18,NA,Albania,1965,34,1,ALB,0.05
0,NA,Albania,1970,35,1,ALB,0.05
0,NA,Albania,1975,36,1,ALB,0.05
0,NA,Albania,1980,37,1,ALB,0.05
0,NA,Albania,1985,38,1,ALB,0.05
0,NA,Albania,1990,39,1,ALB,0.55
0.6666667,7.947575,Albania,1995,40,1,ALB,0.75
0.5,8.1156,Albania,2000,41,1,ALB,0.75
NA,NA,United Arab Emirates,1950,31,0,ARE,NA
NA,NA,United Arab Emirates,1955,32,0,ARE,NA
NA,NA,United Arab Emirates,1960,33,0,ARE,NA
NA,NA,United Arab Emirates,1965,34,0,ARE,NA
0,NA,United Arab Emirates,1970,35,0,ARE,NA
0.1666667,NA,United Arab Emirates,1975,36,0,ARE,0.1
0.3333333,NA,United Arab Emirates,1980,37,1,ARE,0.1
0.3333333,NA,United Arab Emirates,1985,38,1,ARE,0.1
0.1666667,NA,United Arab Emirates,1990,39,1,ARE,0.1
0.1666667,NA,United Arab Emirates,1995,40,1,ARE,0.1
0.1666667,NA,United Arab Emirates,2000,41,1,ARE,0.1
0.49,8.768732,Argentina,1950,31,0,ARG,0.05
0.3,8.833524,Argentina,1955,32,0,ARG,NA
0.63,8.905374,Argentina,1960,33,1,ARG,0.45
0.53,9.01616,Argentina,1965,34,1,ARG,0.45
0.1666667,9.13399,Argentina,1970,35,1,ARG,0.05
0.8333333,9.20284,Argentina,1975,36,1,ARG,0.8
0.1666667,9.271142,Argentina,1980,37,1,ARG,0.05
0.8333333,9.065316,Argentina,1985,38,1,ARG,0.9
1,8.884429,Argentina,1990,39,1,ARG,0.85
0.8333333,9.236609,Argentina,1995,40,1,ARG,0.85
1,9.306237,Argentina,2000,41,1,ARG,0.9
NA,NA,Armenia,1950,31,0,ARM,NA
NA,NA,Armenia,1955,32,0,ARM,NA
NA,NA,Armenia,1960,33,0,ARM,NA
NA,NA,Armenia,1965,34,0,ARM,NA
NA,NA,Armenia,1970,35,0,ARM,NA
NA,NA,Armenia,1975,36,0,ARM,NA
NA,NA,Armenia,1980,37,0,ARM,NA
NA,NA,Armenia,1985,38,0,ARM,NA
NA,NA,Armenia,1990,39,0,ARM,NA
0.5,7.735623,Armenia,1995,40,0,ARM,0.65
0.5,7.934454,Armenia,2000,41,1,ARM,0.75
NA,NA,Antigua,1950,31,0,ATG,NA
NA,NA,Antigua,1955,32,0,ATG,NA
NA,NA,Antigua,1960,33,0,ATG,NA
NA,NA,Antigua,1965,34,0,ATG,NA
NA,NA,Antigua,1970,35,0,ATG,NA
NA,NA,Antigua,1975,36,0,ATG,NA
NA,8.995663,Antigua,1980,37,0,ATG,NA
0.8333333,9.256453,Antigua,1985,38,0,ATG,NA
0.6666667,9.47458,Antigua,1990,39,1,ATG,NA
0.5,9.431346,Antigua,1995,40,1,ATG,NA
0.5,9.722494,Antigua,2000,41,1,ATG,NA
0.99,9.124109,Australia,1950,31,0,AUS,1
1,9.200232,Australia,1955,32,0,AUS,1
1,9.277876,Australia,1960,33,1,AUS,1
1,9.420744,Australia,1965,34,1,AUS,1
1,9.603759,Australia,1970,35,1,AUS,1
1,9.657485,Australia,1975,36,1,AUS,1
1,9.748026,Australia,1980,37,1,AUS,1
1,9.820157,Australia,1985,38,1,AUS,1
1,9.906652,Australia,1990,39,1,AUS,1
1,10.01196,Australia,1995,40,1,AUS,1
1,10.14875,Australia,2000,41,1,AUS,1
NA,8.346102,Austria,1950,31,0,AUT,1
NA,8.622914,Austria,1955,32,0,AUT,1
0.97,8.900677,Austria,1960,33,1,AUT,1
0.97,9.080444,Austria,1965,34,1,AUT,1
1,9.321485,Austria,1970,35,1,AUT,1
1,9.49425,Austria,1975,36,1,AUT,1
1,9.666615,Austria,1980,37,1,AUT,1
1,9.726995,Austria,1985,38,1,AUT,1
1,9.894085,Austria,1990,39,1,AUT,1
1,9.953502,Austria,1995,40,1,AUT,1
1,10.07224,Austria,2000,41,1,AUT,1
NA,NA,Azerbaijan,1950,31,0,AZE,NA
NA,NA,Azerbaijan,1955,32,0,AZE,NA
NA,NA,Azerbaijan,1960,33,0,AZE,NA
NA,NA,Azerbaijan,1965,34,0,AZE,NA
NA,NA,Azerbaijan,1970,35,0,AZE,NA
NA,NA,Azerbaijan,1975,36,0,AZE,NA
NA,NA,Azerbaijan,1980,37,0,AZE,NA
NA,NA,Azerbaijan,1985,38,0,AZE,NA
NA,NA,Azerbaijan,1990,39,0,AZE,NA
0.1666667,7.683833,Azerbaijan,1995,40,0,AZE,0.2
0.1666667,7.936543,Azerbaijan,2000,41,1,AZE,0.15
NA,NA,Baden,1950,31,0,BAD,NA
NA,NA,Baden,1955,32,0,BAD,NA
NA,NA,Baden,1960,33,0,BAD,NA
NA,NA,Baden,1965,34,0,BAD,NA
NA,NA,Baden,1970,35,0,BAD,NA
NA,NA,Baden,1975,36,0,BAD,NA
NA,NA,Baden,1980,37,0,BAD,NA
NA,NA,Baden,1985,38,0,BAD,NA
NA,NA,Baden,1990,39,0,BAD,NA
NA,NA,Baden,1995,40,0,BAD,NA
NA,NA,Baden,2000,41,0,BAD,NA
NA,NA,Bavaria,1950,31,0,BAV,NA
NA,NA,Bavaria,1955,32,0,BAV,NA
NA,NA,Bavaria,1960,33,0,BAV,NA
NA,NA,Bavaria,1965,34,0,BAV,NA
NA,NA,Bavaria,1970,35,0,BAV,NA
NA,NA,Bavaria,1975,36,0,BAV,NA
NA,NA,Bavaria,1980,37,0,BAV,NA
NA,NA,Bavaria,1985,38,0,BAV,NA
NA,NA,Bavaria,1990,39,0,BAV,NA
NA,NA,Bavaria,1995,40,0,BAV,NA
NA,NA,Bavaria,2000,41,0,BAV,NA
NA,NA,Burundi,1950,31,0,BDI,NA
NA,NA,Burundi,1955,32,0,BDI,NA
0.31,6.283445,Burundi,1960,33,0,BDI,NA
0.58,6.400949,Burundi,1965,34,0,BDI,NA
0,6.743066,Burundi,1970,35,1,BDI,0.15
0,6.644792,Burundi,1975,36,1,BDI,0.15
0,6.623969,Burundi,1980,37,1,BDI,0.15
0,6.609796,Burundi,1985,38,1,BDI,0.15
0,6.719303,Burundi,1990,39,1,BDI,0.15
0.1666667,6.541517,Burundi,1995,40,1,BDI,NA
0.1666667,6.25998,Burundi,2000,41,1,BDI,0.45
1,8.716015,Belgium,1950,31,0,BEL,1
1,8.856646,Belgium,1955,32,0,BEL,1
1,8.95908,Belgium,1960,33,1,BEL,1
1,9.188131,Belgium,1965,34,1,BEL,1
1,9.404516,Belgium,1970,35,1,BEL,1
1,9.550781,Belgium,1975,36,1,BEL,1
1,9.700546,Belgium,1980,37,1,BEL,1
1,9.737533,Belgium,1985,38,1,BEL,1
1,9.897312,Belgium,1990,39,1,BEL,1
1,9.948232,Belgium,1995,40,1,BEL,1
1,10.07665,Belgium,2000,41,1,BEL,1
NA,NA,Benin,1950,31,0,BEN,NA
NA,NA,Benin,1955,32,0,BEN,NA
0.55,6.972244,Benin,1960,33,0,BEN,0.6
0.25,7.013138,Benin,1965,34,1,BEN,0.15
0,6.997882,Benin,1970,35,1,BEN,0.4
0,6.887999,Benin,1975,36,1,BEN,0.15
0,6.907778,Benin,1980,37,1,BEN,0.15
0,7.066224,Benin,1985,38,1,BEN,0.15
0.1666667,6.90776,Benin,1990,39,1,BEN,NA
0.8333333,6.971512,Benin,1995,40,1,BEN,0.8
0.8333333,7.101663,Benin,2000,41,1,BEN,0.8
NA,NA,Burkina Faso,1950,31,0,BFA,NA
NA,NA,Burkina Faso,1955,32,0,BFA,NA
0.14,6.626073,Burkina Faso,1960,33,0,BFA,0.15
0.07,6.438499,Burkina Faso,1965,34,1,BFA,0.15
0.6666667,6.50586,Burkina Faso,1970,35,1,BFA,0.3
0.1666667,6.581646,Burkina Faso,1975,36,1,BFA,0.3
0.1666667,6.639576,Burkina Faso,1980,37,1,BFA,0.15
0,6.71311,Burkina Faso,1985,38,1,BFA,0.15
0.1666667,6.739776,Burkina Faso,1990,39,1,BFA,0.15
0.3333333,6.770059,Burkina Faso,1995,40,1,BFA,0.25
0.5,6.863626,Burkina Faso,2000,41,1,BFA,0.35
NA,NA,Bangladesh,1950,31,0,BGD,NA
NA,NA,Bangladesh,1955,32,0,BGD,NA
NA,6.963459,Bangladesh,1960,33,0,BGD,NA
NA,6.993114,Bangladesh,1965,34,0,BGD,NA
0.8333333,7.007203,Bangladesh,1970,35,0,BGD,NA
0,6.870495,Bangladesh,1975,36,0,BGD,0.15
0.6666667,6.880692,Bangladesh,1980,37,1,BGD,0.3
0.3333333,7.060115,Bangladesh,1985,38,1,BGD,0.15
0.3333333,7.153151,Bangladesh,1990,39,1,BGD,0.25
0.6666667,7.291024,Bangladesh,1995,40,1,BGD,0.8
0.6666667,7.428857,Bangladesh,2000,41,1,BGD,0.8
0.23,NA,Bulgaria,1950,31,0,BGR,0.15
0.3,NA,Bulgaria,1955,32,0,BGR,0.15
0.23,NA,Bulgaria,1960,33,1,BGR,0.15
0.37,NA,Bulgaria,1965,34,1,BGR,0.15
0,NA,Bulgaria,1970,35,1,BGR,0.15
0,NA,Bulgaria,1975,36,1,BGR,0.15
0,NA,Bulgaria,1980,37,1,BGR,0.15
0,NA,Bulgaria,1985,38,1,BGR,0.15
0.6666667,NA,Bulgaria,1990,39,1,BGR,0.9
0.8333333,8.818811,Bulgaria,1995,40,1,BGR,0.9
0.8333333,8.663001,Bulgaria,2000,41,1,BGR,0.9
NA,NA,Bahrain,1950,31,0,BHR,NA
NA,NA,Bahrain,1955,32,0,BHR,NA
NA,NA,Bahrain,1960,33,0,BHR,NA
NA,NA,Bahrain,1965,34,0,BHR,NA
0.1666667,NA,Bahrain,1970,35,0,BHR,NA
0.1666667,NA,Bahrain,1975,36,0,BHR,0
0.3333333,NA,Bahrain,1980,37,1,BHR,0
0.3333333,NA,Bahrain,1985,38,1,BHR,0
0.1666667,NA,Bahrain,1990,39,1,BHR,0
0.1666667,NA,Bahrain,1995,40,1,BHR,0.05
0,NA,Bahrain,2000,41,1,BHR,0.05
NA,NA,Bahamas,1950,31,0,BHS,NA
NA,NA,Bahamas,1955,32,0,BHS,NA
NA,NA,Bahamas,1960,33,0,BHS,NA
NA,NA,Bahamas,1965,34,0,BHS,NA
NA,NA,Bahamas,1970,35,0,BHS,NA
1,NA,Bahamas,1975,36,0,BHS,NA
1,NA,Bahamas,1980,37,1,BHS,NA
0.8333333,NA,Bahamas,1985,38,1,BHS,NA
0.8333333,NA,Bahamas,1990,39,1,BHS,NA
1,NA,Bahamas,1995,40,1,BHS,NA
1,NA,Bahamas,2000,41,1,BHS,NA
NA,NA,Bosnia and Herzegovina,1950,31,0,BIH,NA
NA,NA,Bosnia and Herzegovina,1955,32,0,BIH,NA
NA,NA,Bosnia and Herzegovina,1960,33,0,BIH,NA
NA,NA,Bosnia and Herzegovina,1965,34,0,BIH,NA
NA,NA,Bosnia and Herzegovina,1970,35,0,BIH,NA
NA,NA,Bosnia and Herzegovina,1975,36,0,BIH,NA
NA,NA,Bosnia and Herzegovina,1980,37,0,BIH,NA
NA,NA,Bosnia and Herzegovina,1985,38,0,BIH,NA
NA,NA,Bosnia and Herzegovina,1990,39,0,BIH,NA
0.1666667,NA,Bosnia and Herzegovina,1995,40,0,BIH,NA
0.3333333,NA,Bosnia and Herzegovina,2000,41,1,BIH,NA
NA,NA,Belarus,1950,31,0,BLR,NA
NA,NA,Belarus,1955,32,0,BLR,NA
NA,NA,Belarus,1960,33,0,BLR,NA
NA,NA,Belarus,1965,34,0,BLR,NA
NA,NA,Belarus,1970,35,0,BLR,NA
NA,NA,Belarus,1975,36,0,BLR,NA
NA,NA,Belarus,1980,37,0,BLR,NA
NA,NA,Belarus,1985,38,0,BLR,NA
NA,9.103862,Belarus,1990,39,0,BLR,NA
0.3333333,8.616843,Belarus,1995,40,0,BLR,0.5
0.1666667,9.03808,Belarus,2000,41,1,BLR,0.15
NA,NA,Belize,1950,31,0,BLZ,NA
NA,NA,Belize,1955,32,0,BLZ,NA
NA,NA,Belize,1960,33,0,BLZ,NA
NA,NA,Belize,1965,34,0,BLZ,NA
NA,NA,Belize,1970,35,0,BLZ,NA
NA,NA,Belize,1975,36,0,BLZ,NA
NA,8.448585,Belize,1980,37,0,BLZ,NA
1,8.390313,Belize,1985,38,0,BLZ,NA
1,8.638631,Belize,1990,39,1,BLZ,NA
1,8.735215,Belize,1995,40,1,BLZ,NA
1,8.79349,Belize,2000,41,1,BLZ,NA
0.68,7.919169,Bolivia,1950,31,0,BOL,0.25
0.41,7.869213,Bolivia,1955,32,0,BOL,NA
0.6,7.763807,Bolivia,1960,33,1,BOL,0.35
0.36,7.898943,Bolivia,1965,34,1,BOL,0.3
0.3333333,7.823202,Bolivia,1970,35,1,BOL,0.25
0.1666667,7.980182,Bolivia,1975,36,1,BOL,0.15
0,8.023971,Bolivia,1980,37,1,BOL,0.15
0.8333333,7.840896,Bolivia,1985,38,1,BOL,0.95
0.8333333,7.8022030000000004,Bolivia,1990,39,1,BOL,0.95
0.8333333,7.868782,Bolivia,1995,40,1,BOL,0.95
1,7.909896,Bolivia,2000,41,1,BOL,0.95
0.83,7.411589,Brazil,1950,31,0,BRA,0.75
0.89,7.583867,Brazil,1955,32,0,BRA,0.75
0.91,7.771254,Brazil,1960,33,1,BRA,0.8
0.61,7.952501,Brazil,1965,34,1,BRA,0.05
0.3333333,8.194207,Brazil,1970,35,1,BRA,0.05
0.5,8.54979,Brazil,1975,36,1,BRA,0.3
0.5,8.760891,Brazil,1980,37,1,BRA,0.3
0.6666667,8.724344,Brazil,1985,38,1,BRA,0.85
0.8333333,8.735161,Brazil,1990,39,1,BRA,0.9
0.8333333,8.819525,Brazil,1995,40,1,BRA,0.9
0.6666667,8.880447,Brazil,2000,41,1,BRA,0.9
NA,NA,Barbados,1950,31,0,BRB,NA
NA,NA,Barbados,1955,32,0,BRB,NA
NA,8.130892,Barbados,1960,33,0,BRB,NA
1,8.374012,Barbados,1965,34,0,BRB,NA
1,8.706109,Barbados,1970,35,0,BRB,NA
1,9.018889,Barbados,1975,36,1,BRB,NA
1,9.230895,Barbados,1980,37,1,BRB,NA
1,9.247156,Barbados,1985,38,1,BRB,NA
1,9.509151,Barbados,1990,39,1,BRB,NA
1,9.524599,Barbados,1995,40,1,BRB,NA
1,9.705969,Barbados,2000,41,1,BRB,NA
NA,NA,Brunei,1950,31,0,BRN,NA
NA,NA,Brunei,1955,32,0,BRN,NA
NA,NA,Brunei,1960,33,0,BRN,NA
NA,NA,Brunei,1965,34,0,BRN,NA
0.1666667,NA,Brunei,1970,35,0,BRN,NA
0.1666667,NA,Brunei,1975,36,0,BRN,NA
0.1666667,NA,Brunei,1980,37,0,BRN,NA
0.1666667,NA,Brunei,1985,38,0,BRN,NA
0.1666667,NA,Brunei,1990,39,1,BRN,NA
0,NA,Brunei,1995,40,1,BRN,NA
0,NA,Brunei,2000,41,1,BRN,NA
NA,NA,Bhutan,1950,31,0,BTN,0
NA,NA,Bhutan,1955,32,0,BTN,0.1
NA,NA,Bhutan,1960,33,1,BTN,0.1
NA,NA,Bhutan,1965,34,1,BTN,0.1
0.5,NA,Bhutan,1970,35,1,BTN,0.1
0.5,NA,Bhutan,1975,36,1,BTN,0.1
0.3333333,NA,Bhutan,1980,37,1,BTN,0.1
0.3333333,NA,Bhutan,1985,38,1,BTN,0.1
0.1666667,NA,Bhutan,1990,39,1,BTN,0.1
0,NA,Bhutan,1995,40,1,BTN,0.1
0,NA,Bhutan,2000,41,1,BTN,0.1
NA,NA,Botswana,1950,31,0,BWA,NA
NA,NA,Botswana,1955,32,0,BWA,NA
NA,6.864856,Botswana,1960,33,0,BWA,NA
NA,6.888062,Botswana,1965,34,0,BWA,NA
0.6666667,7.08392,Botswana,1970,35,0,BWA,0.85
0.8333333,7.704757,Botswana,1975,36,1,BWA,0.85
0.8333333,8.141397,Botswana,1980,37,1,BWA,0.85
0.8333333,8.322673,Botswana,1985,38,1,BWA,0.85
1,8.598033,Botswana,1990,39,1,BWA,0.9
0.8333333,8.680874,Botswana,1995,40,1,BWA,0.9
0.8333333,NA,Botswana,2000,41,1,BWA,0.95
NA,NA,Central African Republic,1950,31,0,CAF,NA
NA,NA,Central African Republic,1955,32,0,CAF,NA
0.65,7.685929,Central African Republic,1960,33,0,CAF,0.15
0.34,7.661548,Central African Republic,1965,34,1,CAF,0.15
0,7.714268,Central African Republic,1970,35,1,CAF,0.15
0,7.544977,Central African Republic,1975,36,1,CAF,0.15
0,7.493813,Central African Republic,1980,37,1,CAF,0.15
0,7.350046,Central African Republic,1985,38,1,CAF,0.15
0.1666667,7.231359,Central African Republic,1990,39,1,CAF,0.15
0.6666667,6.997157,Central African Republic,1995,40,1,CAF,0.75
0.6666667,NA,Central African Republic,2000,41,1,CAF,0.75
0.99,9.115211,Canada,1950,31,0,CAN,1
1,9.205848,Canada,1955,32,0,CAN,1
1,9.247975,Canada,1960,33,1,CAN,1
1,9.429002,Canada,1965,34,1,CAN,1
1,9.554069,Canada,1970,35,1,CAN,1
1,9.719351,Canada,1975,36,1,CAN,1
1,9.851376,Canada,1980,37,1,CAN,1
1,9.937892,Canada,1985,38,1,CAN,1
1,10.01457,Canada,1990,39,1,CAN,1
1,10.04093,Canada,1995,40,1,CAN,1
1,10.20005,Canada,2000,41,1,CAN,1
1,9.254487,Switzerland,1950,31,0,CHE,1
0.99,9.446556,Switzerland,1955,32,0,CHE,1
1,9.614354,Switzerland,1960,33,1,CHE,1
1,9.781814,Switzerland,1965,34,1,CHE,1
1,9.933574,Switzerland,1970,35,1,CHE,1
1,9.923444,Switzerland,1975,36,1,CHE,1
1,10.01333,Switzerland,1980,37,1,CHE,1
1,10.05375,Switzerland,1985,38,1,CHE,1
1,10.17087,Switzerland,1990,39,1,CHE,1
1,10.1079,Switzerland,1995,40,1,CHE,1
1,10.18164,Switzerland,2000,41,1,CHE,1
0.83,NA,Chile,1950,31,0,CHL,0.6
0.82,8.169785,Chile,1955,32,0,CHL,0.75
1,8.256587,Chile,1960,33,1,CHL,0.75
0.97,8.318665,Chile,1965,34,1,CHL,0.8
1,8.475132,Chile,1970,35,1,CHL,0.8
0,8.336102,Chile,1975,36,1,CHL,0.15
0.1666667,8.59636,Chile,1980,37,1,CHL,0.15
0.1666667,8.514451,Chile,1985,38,1,CHL,0.2
0.8333333,8.723846,Chile,1990,39,1,CHL,0.9
0.8333333,9.046407,Chile,1995,40,1,CHL,0.9
0.8333333,9.202866,Chile,2000,41,1,CHL,0.95
0.24,NA,China,1950,31,0,CHN,0.1
NA,6.431236,China,1955,32,0,CHN,0.1
0.23,6.524397,China,1960,33,1,CHN,0.1
0.16,6.643185,China,1965,34,1,CHN,0.1
0,6.702918,China,1970,35,1,CHN,0.1
0,6.810732,China,1975,36,1,CHN,0.1
0.1666667,6.974238,China,1980,37,1,CHN,0.15
0.1666667,7.29593,China,1985,38,1,CHN,0.15
0,7.48804,China,1990,39,1,CHN,0.15
0,7.943825,China,1995,40,1,CHN,0.15
0,8.22879,China,2000,41,1,CHN,0.15
NA,NA,Cote d'Ivoire,1950,31,0,CIV,NA
NA,NA,Cote d'Ivoire,1955,32,0,CIV,NA
0.43,7.395059,Cote d'Ivoire,1960,33,0,CIV,0.05
0.41,7.517912,Cote d'Ivoire,1965,34,1,CIV,0.05
0.1666667,7.779274,Cote d'Ivoire,1970,35,1,CIV,0.05
0.1666667,7.91229,Cote d'Ivoire,1975,36,1,CIV,0.05
0.1666667,7.834884,Cote d'Ivoire,1980,37,1,CIV,0.05
0.1666667,7.750678,Cote d'Ivoire,1985,38,1,CIV,0.05
0.1666667,7.660792,Cote d'Ivoire,1990,39,1,CIV,0.15
0.1666667,7.564293,Cote d'Ivoire,1995,40,1,CIV,0.2
0.1666667,7.533251,Cote d'Ivoire,2000,41,1,CIV,0.7
NA,NA,Cameroon,1950,31,0,CMR,NA
NA,NA,Cameroon,1955,32,0,CMR,NA
0.73,7.426562,Cameroon,1960,33,0,CMR,0.2
0.56,7.43674,Cameroon,1965,34,1,CMR,0.2
0.1666667,7.365277,Cameroon,1970,35,1,CMR,0.15
0.1666667,7.550082,Cameroon,1975,36,1,CMR,0.1
0.1666667,7.662082,Cameroon,1980,37,1,CMR,0.1
0.1666667,7.935494,Cameroon,1985,38,1,CMR,0.1
0.1666667,7.725914,Cameroon,1990,39,1,CMR,0.1
0,7.525447,Cameroon,1995,40,1,CMR,0.3
0,7.62151,Cameroon,2000,41,1,CMR,0.3
NA,NA,"Congo, Rep.",1950,31,0,COG,NA
NA,NA,"Congo, Rep.",1955,32,0,COG,NA
0.71,6.200138,"Congo, Rep.",1960,33,0,COG,0.7
0.46,6.680865,"Congo, Rep.",1965,34,1,COG,0.15
0,6.83407,"Congo, Rep.",1970,35,1,COG,0.15
0.3333333,7.08902,"Congo, Rep.",1975,36,1,COG,0.15
0,7.354609,"Congo, Rep.",1980,37,1,COG,0.1
0,7.680787,"Congo, Rep.",1985,38,1,COG,0.1
0.1666667,7.646156,"Congo, Rep.",1990,39,1,COG,0.1
0.5,7.473289,"Congo, Rep.",1995,40,1,COG,0.75
0.1666667,7.500045,"Congo, Rep.",2000,41,1,COG,0.2
0.6,7.69963,Colombia,1950,31,0,COL,0.25
NA,7.82476,Colombia,1955,32,0,COL,0.25
0.7,7.83598,Colombia,1960,33,1,COL,0.85
0.71,7.917769,Colombia,1965,34,1,COL,0.85
0.8333333,8.058127,Colombia,1970,35,1,COL,0.85
0.8333333,8.220092,Colombia,1975,36,1,COL,0.9
0.8333333,8.369085,Colombia,1980,37,1,COL,0.9
0.8333333,8.377017,Colombia,1985,38,1,COL,0.9
0.6666667,8.504004,Colombia,1990,39,1,COL,0.9
0.5,8.608838,Colombia,1995,40,1,COL,0.85
0.5,8.591086,Colombia,2000,41,1,COL,0.85
NA,NA,Comoros,1950,31,0,COM,NA
NA,NA,Comoros,1955,32,0,COM,NA
NA,7.563939,Comoros,1960,33,0,COM,NA
NA,7.698801,Comoros,1965,34,0,COM,NA
NA,7.763431,Comoros,1970,35,0,COM,NA
0.3333333,7.773191,Comoros,1975,36,0,COM,0.75
0.5,7.63765,Comoros,1980,37,1,COM,0.25
0.1666667,7.723227,Comoros,1985,38,1,COM,0.15
0.3333333,7.676051,Comoros,1990,39,1,COM,0.7
0.5,7.417264,Comoros,1995,40,1,COM,NA
0.1666667,7.363977,Comoros,2000,41,1,COM,0.45
NA,NA,Cape Verde,1950,31,0,CPV,NA
NA,NA,Cape Verde,1955,32,0,CPV,NA
NA,6.902211,Cape Verde,1960,33,0,CPV,NA
NA,6.851697,Cape Verde,1965,34,0,CPV,NA
NA,7.234652,Cape Verde,1970,35,0,CPV,NA
0.3333333,7.070885,Cape Verde,1975,36,0,CPV,NA
0.1666667,7.571468,Cape Verde,1980,37,1,CPV,NA
0.1666667,7.835604,Cape Verde,1985,38,1,CPV,NA
0.3333333,7.976821,Cape Verde,1990,39,1,CPV,NA
1,8.063305,Cape Verde,1995,40,1,CPV,NA
1,8.300804,Cape Verde,2000,41,1,CPV,NA
0.84,7.817067,Costa Rica,1950,31,0,CRI,1
0.9,8.081528,Costa Rica,1955,32,0,CRI,1
0.91,8.153575,Costa Rica,1960,33,1,CRI,1
0.9,8.222897,Costa Rica,1965,34,1,CRI,1
1,8.33831,Costa Rica,1970,35,1,CRI,1
1,8.483473,Costa Rica,1975,36,1,CRI,1
1,8.597603,Costa Rica,1980,37,1,CRI,1
1,8.443103,Costa Rica,1985,38,1,CRI,1
1,8.503364,Costa Rica,1990,39,1,CRI,1
1,8.581841,Costa Rica,1995,40,1,CRI,1
1,8.677622,Costa Rica,2000,41,1,CRI,1
0.93,NA,Cuba,1950,31,0,CUB,0.65
0.38,NA,Cuba,1955,32,0,CUB,0.05
0.14,NA,Cuba,1960,33,1,CUB,NA
0.05,NA,Cuba,1965,34,1,CUB,0.15
0,NA,Cuba,1970,35,1,CUB,0.15
0,NA,Cuba,1975,36,1,CUB,0.15
0.1666667,NA,Cuba,1980,37,1,CUB,0.15
0.1666667,8.840083,Cuba,1985,38,1,CUB,0.15
0,8.80514,Cuba,1990,39,1,CUB,0.15
0,8.534362,Cuba,1995,40,1,CUB,0.15
0,NA,Cuba,2000,41,1,CUB,0.15
NA,7.749754,Cyprus,1950,31,0,CYP,NA
NA,7.974775,Cyprus,1955,32,0,CYP,NA
0.86,7.997364,Cyprus,1960,33,0,CYP,0.9
0.87,8.290691,Cyprus,1965,34,1,CYP,NA
0.8333333,8.570662,Cyprus,1970,35,1,CYP,0.85
0.5,8.415262,Cyprus,1975,36,1,CYP,1
0.6666667,8.957566,Cyprus,1980,37,1,CYP,1
1,9.16623,Cyprus,1985,38,1,CYP,1
1,9.465647,Cyprus,1990,39,1,CYP,1
1,9.68425,Cyprus,1995,40,1,CYP,1
1,NA,Cyprus,2000,41,1,CYP,1
NA,NA,Czech Republic,1950,31,0,CZE,NA
NA,NA,Czech Republic,1955,32,0,CZE,NA
NA,NA,Czech Republic,1960,33,0,CZE,NA
NA,NA,Czech Republic,1965,34,0,CZE,NA
NA,NA,Czech Republic,1970,35,0,CZE,NA
NA,NA,Czech Republic,1975,36,0,CZE,NA
NA,NA,Czech Republic,1980,37,0,CZE,NA
NA,NA,Czech Republic,1985,38,0,CZE,NA
NA,9.516825,Czech Republic,1990,39,0,CZE,NA
1,9.465741,Czech Republic,1995,40,0,CZE,1
1,9.522665,Czech Republic,2000,41,1,CZE,1
0.13,NA,Czechoslovakia,1950,31,0,CZE_1,0.15
0.22,NA,Czechoslovakia,1955,32,0,CZE_1,0.15
0.22,NA,Czechoslovakia,1960,33,1,CZE_1,0.15
0.2,NA,Czechoslovakia,1965,34,1,CZE_1,0.15
0,NA,Czechoslovakia,1970,35,1,CZE_1,0.15
0,NA,Czechoslovakia,1975,36,1,CZE_1,0.15
0,NA,Czechoslovakia,1980,37,1,CZE_1,0.15
0,NA,Czechoslovakia,1985,38,1,CZE_1,0.15
0.8333333,NA,Czechoslovakia,1990,39,1,CZE_1,0.9
NA,NA,Czechoslovakia,1995,40,1,CZE_1,NA
NA,NA,Czechoslovakia,2000,41,1,CZE_1,NA
NA,NA,Germany,1950,31,0,DEU,NA
NA,NA,Germany,1955,32,0,DEU,NA
NA,NA,Germany,1960,33,1,DEU,NA
NA,NA,Germany,1965,34,1,DEU,NA
NA,9.427697,Germany,1970,35,1,DEU,NA
NA,9.505297,Germany,1975,36,1,DEU,NA
NA,9.6754,Germany,1980,37,1,DEU,NA
NA,9.754589,Germany,1985,38,1,DEU,NA
1,9.881375,Germany,1990,39,1,DEU,1
1,9.953698,Germany,1995,40,1,DEU,1
1,10.03695,Germany,2000,41,1,DEU,1
NA,NA,"Germany, East",1950,31,0,DEU_E,0.1
0.21,NA,"Germany, East",1955,32,0,DEU_E,0.1
0.2,NA,"Germany, East",1960,33,1,DEU_E,0.05
0.18,NA,"Germany, East",1965,34,1,DEU_E,0.05
0,NA,"Germany, East",1970,35,1,DEU_E,0.05
0,NA,"Germany, East",1975,36,1,DEU_E,0.05
0,NA,"Germany, East",1980,37,1,DEU_E,0.05
0,NA,"Germany, East",1985,38,1,DEU_E,0.05
NA,NA,"Germany, East",1990,39,1,DEU_E,NA
NA,NA,"Germany, East",1995,40,1,DEU_E,NA
NA,NA,"Germany, East",2000,41,1,DEU_E,NA
NA,NA,"Germany, West",1950,31,0,DEU_W,1
0.94,NA,"Germany, West",1955,32,0,DEU_W,1
0.88,NA,"Germany, West",1960,33,1,DEU_W,1
0.89,NA,"Germany, West",1965,34,1,DEU_W,1
1,NA,"Germany, West",1970,35,1,DEU_W,1
1,NA,"Germany, West",1975,36,1,DEU_W,1
1,NA,"Germany, West",1980,37,1,DEU_W,1
1,NA,"Germany, West",1985,38,1,DEU_W,1
NA,NA,"Germany, West",1990,39,1,DEU_W,1
NA,NA,"Germany, West",1995,40,1,DEU_W,NA
NA,NA,"Germany, West",2000,41,1,DEU_W,NA
NA,NA,Djibouti,1950,31,0,DJI,NA
NA,NA,Djibouti,1955,32,0,DJI,NA
NA,NA,Djibouti,1960,33,0,DJI,NA
NA,NA,Djibouti,1965,34,0,DJI,NA
NA,NA,Djibouti,1970,35,0,DJI,NA
NA,NA,Djibouti,1975,36,0,DJI,NA
0.6666667,NA,Djibouti,1980,37,0,DJI,0.1
0.1666667,NA,Djibouti,1985,38,1,DJI,0.1
0.1666667,NA,Djibouti,1990,39,1,DJI,0.1
0.3333333,NA,Djibouti,1995,40,1,DJI,0.15
0.5,NA,Djibouti,2000,41,1,DJI,0.6
NA,NA,Dominica,1950,31,0,DMA,NA
NA,NA,Dominica,1955,32,0,DMA,NA
NA,NA,Dominica,1960,33,0,DMA,NA
NA,NA,Dominica,1965,34,0,DMA,NA
NA,NA,Dominica,1970,35,0,DMA,NA
NA,NA,Dominica,1975,36,0,DMA,NA
0.8333333,8.126091,Dominica,1980,37,0,DMA,NA
0.8333333,8.471012,Dominica,1985,38,1,DMA,NA
0.8333333,8.676472,Dominica,1990,39,1,DMA,NA
1,8.789487,Dominica,1995,40,1,DMA,NA
1,8.906344,Dominica,2000,41,1,DMA,NA
1,9.038835,Denmark,1950,31,0,DNK,1
1,9.071526,Denmark,1955,32,0,DNK,1
1,9.304565,Denmark,1960,33,1,DNK,1
1,9.532278,Denmark,1965,34,1,DNK,1
1,9.682693,Denmark,1970,35,1,DNK,1
1,9.717537,Denmark,1975,36,1,DNK,1
1,9.814511,Denmark,1980,37,1,DNK,1
1,9.913645,Denmark,1985,38,1,DNK,1
1,9.989904,Denmark,1990,39,1,DNK,1
1,10.07164,Denmark,1995,40,1,DNK,1
1,10.18898,Denmark,2000,41,1,DNK,1
NA,NA,Dominican Republic,1950,31,0,DOM,0.05
0.24,7.203041,Dominican Republic,1955,32,0,DOM,0.05
0.21,7.435221,Dominican Republic,1960,33,1,DOM,0.05
0.39,7.44714,Dominican Republic,1965,34,1,DOM,NA
0.6666667,7.609761,Dominican Republic,1970,35,1,DOM,0.35
0.5,7.854886,Dominican Republic,1975,36,1,DOM,0.35
0.8333333,7.978275,Dominican Republic,1980,37,1,DOM,0.8
1,8.036067,Dominican Republic,1985,38,1,DOM,0.8
0.8333333,8.058249,Dominican Republic,1990,39,1,DOM,0.8
0.5,8.221441,Dominican Republic,1995,40,1,DOM,0.75
0.8333333,8.569816,Dominican Republic,2000,41,1,DOM,0.9
NA,NA,Algeria,1950,31,0,DZA,NA
NA,NA,Algeria,1955,32,0,DZA,NA
NA,7.8876,Algeria,1960,33,0,DZA,NA
0.27,8.104171,Algeria,1965,34,0,DZA,0.05
0.1666667,8.141255,Algeria,1970,35,1,DZA,0.05
0,8.206531,Algeria,1975,36,1,DZA,0.05
0.1666667,8.469116,Algeria,1980,37,1,DZA,0.05
0.1666667,8.612084,Algeria,1985,38,1,DZA,0.05
0.5,8.510196,Algeria,1990,39,1,DZA,0.4
0.1666667,8.43754,Algeria,1995,40,1,DZA,0.35
0.1666667,8.496084,Algeria,2000,41,1,DZA,0.35
0.84,NA,Ecuador,1950,31,0,ECU,0.6
0.73,7.528274,Ecuador,1955,32,0,ECU,0.6
0.84,7.602719,Ecuador,1960,33,1,ECU,0.6
0.45,7.652979,Ecuador,1965,34,1,ECU,0.45
0,7.737057,Ecuador,1970,35,1,ECU,0.5
0,8.160672,Ecuador,1975,36,1,ECU,0.25
0.8333333,8.352687,Ecuador,1980,37,1,ECU,0.95
0.8333333,8.276384,Ecuador,1985,38,1,ECU,0.9
0.8333333,8.235887,Ecuador,1990,39,1,ECU,0.95
0.8333333,8.264271,Ecuador,1995,40,1,ECU,0.95
0.6666667,8.151236,Ecuador,2000,41,1,ECU,0.8
NA,7.223467,"Egypt, Arab Rep.",1950,31,0,EGY,0.55
0.29,7.182666,"Egypt, Arab Rep.",1955,32,0,EGY,0.15
0.37,7.298231,"Egypt, Arab Rep.",1960,33,1,EGY,0.15
0.39,7.471501,"Egypt, Arab Rep.",1965,34,1,EGY,0.15
0.1666667,7.585579,"Egypt, Arab Rep.",1970,35,1,EGY,0.15
0.1666667,7.43298,"Egypt, Arab Rep.",1975,36,1,EGY,0.15
0.3333333,7.793143,"Egypt, Arab Rep.",1980,37,1,EGY,0.2
0.5,7.925966,"Egypt, Arab Rep.",1985,38,1,EGY,0.25
0.3333333,8.084625,"Egypt, Arab Rep.",1990,39,1,EGY,0.35
0.1666667,8.190038,"Egypt, Arab Rep.",1995,40,1,EGY,0.35
0.1666667,8.339016,"Egypt, Arab Rep.",2000,41,1,EGY,0.2
NA,NA,Eritrea,1950,31,0,ERI,NA
NA,NA,Eritrea,1955,32,0,ERI,NA
NA,NA,Eritrea,1960,33,0,ERI,NA
NA,NA,Eritrea,1965,34,0,ERI,NA
NA,NA,Eritrea,1970,35,0,ERI,NA
NA,NA,Eritrea,1975,36,0,ERI,NA
NA,NA,Eritrea,1980,37,0,ERI,NA
NA,NA,Eritrea,1985,38,0,ERI,NA
NA,NA,Eritrea,1990,39,0,ERI,NA
0.1666667,NA,Eritrea,1995,40,0,ERI,0.2
0,NA,Eritrea,2000,41,1,ERI,0.2
0.1,7.947925,Spain,1950,31,0,ESP,0.15
0.1,8.266325,Spain,1955,32,0,ESP,0.15
0.11,8.441745,Spain,1960,33,1,ESP,0.15
0.1,8.850598,Spain,1965,34,1,ESP,0.15
0.3333333,9.11336,Spain,1970,35,1,ESP,0.15
0.3333333,9.32349,Spain,1975,36,1,ESP,NA
0.8333333,9.350207,Spain,1980,37,1,ESP,0.95
1,9.373483,Spain,1985,38,1,ESP,1
1,9.58033,Spain,1990,39,1,ESP,1
1,9.699554,Spain,1995,40,1,ESP,1
1,9.800728,Spain,2000,41,1,ESP,1
NA,NA,Estonia,1950,31,0,EST,NA
NA,NA,Estonia,1955,32,0,EST,NA
NA,NA,Estonia,1960,33,1,EST,NA
NA,NA,Estonia,1965,34,1,EST,NA
NA,NA,Estonia,1970,35,1,EST,NA
NA,NA,Estonia,1975,36,1,EST,NA
NA,NA,Estonia,1980,37,1,EST,NA
NA,NA,Estonia,1985,38,1,EST,NA
NA,NA,Estonia,1990,39,1,EST,NA
0.8333333,8.923179,Estonia,1995,40,1,EST,0.8
1,9.168336,Estonia,2000,41,1,EST,0.8
NA,NA,Ethiopia 1993-,1950,31,0,ETH,NA
NA,NA,Ethiopia 1993-,1955,32,0,ETH,NA
NA,NA,Ethiopia 1993-,1960,33,0,ETH,NA
NA,NA,Ethiopia 1993-,1965,34,0,ETH,NA
NA,NA,Ethiopia 1993-,1970,35,0,ETH,NA
NA,NA,Ethiopia 1993-,1975,36,0,ETH,NA
NA,NA,Ethiopia 1993-,1980,37,0,ETH,NA
NA,NA,Ethiopia 1993-,1985,38,0,ETH,NA
NA,NA,Ethiopia 1993-,1990,39,0,ETH,NA
0.5,6.269395,Ethiopia 1993-,1995,40,0,ETH,0.55
0.3333333,6.452979,Ethiopia 1993-,2000,41,1,ETH,0.55
NA,6.161616,Ethiopia -pre 1993,1950,31,0,ETH_1,0.05
0.24,6.259007,Ethiopia -pre 1993,1955,32,0,ETH_1,0.05
0.31,6.266719,Ethiopia -pre 1993,1960,33,1,ETH_1,0.05
0.13,6.351094,Ethiopia -pre 1993,1965,34,1,ETH_1,0.05
0.3333333,6.409465,Ethiopia -pre 1993,1970,35,1,ETH_1,0.05
0,6.438396,Ethiopia -pre 1993,1975,36,1,ETH_1,0.15
0,6.4637270000000004,Ethiopia -pre 1993,1980,37,1,ETH_1,0.15
0,6.229138,Ethiopia -pre 1993,1985,38,1,ETH_1,0.1
0,6.352316,Ethiopia -pre 1993,1990,39,1,ETH_1,0.1
NA,NA,Ethiopia -pre 1993,1995,40,1,ETH_1,NA
NA,NA,Ethiopia -pre 1993,2000,41,1,ETH_1,NA
NA,NA,East Timor,1950,31,0,ETM,NA
NA,NA,East Timor,1955,32,0,ETM,NA
NA,NA,East Timor,1960,33,0,ETM,NA
NA,NA,East Timor,1965,34,0,ETM,NA
NA,NA,East Timor,1970,35,0,ETM,NA
NA,NA,East Timor,1975,36,0,ETM,NA
NA,NA,East Timor,1980,37,0,ETM,NA
NA,NA,East Timor,1985,38,0,ETM,NA
NA,NA,East Timor,1990,39,0,ETM,NA
NA,NA,East Timor,1995,40,0,ETM,NA
NA,NA,East Timor,2000,41,0,ETM,NA
1,8.522561,Finland,1950,31,0,FIN,1
1,8.773726,Finland,1955,32,0,FIN,1
0.97,8.921469,Finland,1960,33,1,FIN,1
0.97,9.128719,Finland,1965,34,1,FIN,1
0.8333333,9.3424,Finland,1970,35,1,FIN,1
0.8333333,9.541437,Finland,1975,36,1,FIN,1
0.8333333,9.651776,Finland,1980,37,1,FIN,1
0.8333333,9.763481,Finland,1985,38,1,FIN,1
1,9.91692,Finland,1990,39,1,FIN,1
1,9.84103,Finland,1995,40,1,FIN,1
1,10.07711,Finland,2000,41,1,FIN,1
NA,NA,Fiji,1950,31,0,FJI,NA
NA,NA,Fiji,1955,32,0,FJI,NA
NA,7.91746,Fiji,1960,33,0,FJI,NA
NA,7.900438,Fiji,1965,34,0,FJI,NA
0.8333333,8.141119,Fiji,1970,35,0,FJI,0.95
0.8333333,8.310014,Fiji,1975,36,1,FJI,0.95
0.8333333,8.43384,Fiji,1980,37,1,FJI,0.95
0.8333333,8.373541,Fiji,1985,38,1,FJI,0.95
0.1666667,8.47295,Fiji,1990,39,1,FJI,0.75
0.5,8.562225,Fiji,1995,40,1,FJI,0.75
0.1666667,NA,Fiji,2000,41,1,FJI,NA
0.98,8.599448,France,1950,31,0,FRA,1
0.99,8.758135,France,1955,32,0,FRA,1
0.9,8.965018,France,1960,33,1,FRA,0.75
0.91,9.192188,France,1965,34,1,FRA,0.75
1,9.420286,France,1970,35,1,FRA,0.9
1,9.545926,France,1975,36,1,FRA,0.9
1,9.693839,France,1980,37,1,FRA,0.9
1,9.755048,France,1985,38,1,FRA,0.9
1,9.904653,France,1990,39,1,FRA,0.95
1,9.909256,France,1995,40,1,FRA,0.95
1,10.01493,France,2000,41,1,FRA,0.95
NA,NA,Gabon,1950,31,0,GAB,NA
NA,NA,Gabon,1955,32,0,GAB,NA
0.63,8.015266,Gabon,1960,33,0,GAB,0.15
0.45,8.600772,Gabon,1965,34,1,GAB,0.15
0.1666667,8.833056,Gabon,1970,35,1,GAB,0.05
0.1666667,8.955916,Gabon,1975,36,1,GAB,0.05
0.1666667,9.111508,Gabon,1980,37,1,GAB,0.05
0.1666667,8.861986,Gabon,1985,38,1,GAB,0.05
0.5,9.111217,Gabon,1990,39,1,GAB,NA
0.3333333,9.095333,Gabon,1995,40,1,GAB,0.3
0.3333333,9.036213,Gabon,2000,41,1,GAB,0.3
0.99,8.925936,United Kingdom,1950,31,0,GBR,1
1,9.068756,United Kingdom,1955,32,0,GBR,1
0.99,9.177211,United Kingdom,1960,33,1,GBR,1
0.99,9.294972,United Kingdom,1965,34,1,GBR,1
1,9.399695,United Kingdom,1970,35,1,GBR,1
1,9.485318,United Kingdom,1975,36,1,GBR,1
1,9.569088,United Kingdom,1980,37,1,GBR,1
1,9.667117,United Kingdom,1985,38,1,GBR,1
1,9.815904,United Kingdom,1990,39,1,GBR,1
1,9.883865,United Kingdom,1995,40,1,GBR,1
1,10.00738,United Kingdom,2000,41,1,GBR,1
NA,NA,Gran Colombia,1950,31,0,GCL,NA
NA,NA,Gran Colombia,1955,32,0,GCL,NA
NA,NA,Gran Colombia,1960,33,0,GCL,NA
NA,NA,Gran Colombia,1965,34,0,GCL,NA
NA,NA,Gran Colombia,1970,35,0,GCL,NA
NA,NA,Gran Colombia,1975,36,0,GCL,NA
NA,NA,Gran Colombia,1980,37,0,GCL,NA
NA,NA,Gran Colombia,1985,38,0,GCL,NA
NA,NA,Gran Colombia,1990,39,0,GCL,NA
NA,NA,Gran Colombia,1995,40,0,GCL,NA
NA,NA,Gran Colombia,2000,41,0,GCL,NA
NA,NA,Georgia,1950,31,0,GEO,NA
NA,NA,Georgia,1955,32,0,GEO,NA
NA,NA,Georgia,1960,33,0,GEO,NA
NA,NA,Georgia,1965,34,0,GEO,NA
NA,NA,Georgia,1970,35,0,GEO,NA
NA,NA,Georgia,1975,36,0,GEO,NA
NA,NA,Georgia,1980,37,0,GEO,NA
NA,NA,Georgia,1985,38,0,GEO,NA
NA,NA,Georgia,1990,39,0,GEO,NA
0.5,NA,Georgia,1995,40,0,GEO,0.75
0.5,8.498297,Georgia,2000,41,1,GEO,0.75
NA,NA,Ghana,1950,31,0,GHA,NA
NA,6.825847,Ghana,1955,32,0,GHA,NA
0.57,6.764173,Ghana,1960,33,0,GHA,0.1
0.24,6.712244,Ghana,1965,34,1,GHA,0.05
0.1666667,7.156179,Ghana,1970,35,1,GHA,0.65
0,7.078761,Ghana,1975,36,1,GHA,0.15
0.8333333,7.09344,Ghana,1980,37,1,GHA,0.8
0,7.028491,Ghana,1985,38,1,GHA,0.15
0.1666667,7.074324,Ghana,1990,39,1,GHA,0.15
0.5,7.149208,Ghana,1995,40,1,GHA,0.45
0.8333333,7.208454,Ghana,2000,41,1,GHA,0.6
NA,NA,Guinea,1950,31,0,GIN,NA
NA,NA,Guinea,1955,32,0,GIN,NA
NA,7.921682,Guinea,1960,33,0,GIN,0.05
0.37,7.944034,Guinea,1965,34,1,GIN,0.05
0,7.732884,Guinea,1970,35,1,GIN,0.05
0,7.788236,Guinea,1975,36,1,GIN,0.05
0,7.86262,Guinea,1980,37,1,GIN,0.05
0,7.728806,Guinea,1985,38,1,GIN,0.15
0.1666667,7.7977,Guinea,1990,39,1,GIN,0.15
0.1666667,7.873855,Guinea,1995,40,1,GIN,0.45
0.1666667,7.948218,Guinea,2000,41,1,GIN,0.45
NA,NA,"Gambia, The",1950,31,0,GMB,NA
NA,NA,"Gambia, The",1955,32,0,GMB,NA
NA,6.805074,"Gambia, The",1960,33,0,GMB,NA
NA,6.976129,"Gambia, The",1965,34,0,GMB,0.9
0.8333333,7.01445,"Gambia, The",1970,35,1,GMB,0.9
0.8333333,7.120737,"Gambia, The",1975,36,1,GMB,0.9
0.8333333,7.144153,"Gambia, The",1980,37,1,GMB,0.9
0.6666667,7.234966,"Gambia, The",1985,38,1,GMB,0.85
0.8333333,7.131224,"Gambia, The",1990,39,1,GMB,0.9
0,6.970135,"Gambia, The",1995,40,1,GMB,0.15
0,7.104079,"Gambia, The",2000,41,1,GMB,0.25
NA,NA,Guinea-Bissau,1950,31,0,GNB,NA
NA,NA,Guinea-Bissau,1955,32,0,GNB,NA
NA,6.056391,Guinea-Bissau,1960,33,0,GNB,NA
NA,6.208751,Guinea-Bissau,1965,34,0,GNB,NA
NA,5.8041,Guinea-Bissau,1970,35,0,GNB,NA
0.1666667,6.414782,Guinea-Bissau,1975,36,0,GNB,0.15
0.1666667,6.103621,Guinea-Bissau,1980,37,1,GNB,0.15
0.1666667,6.294609,Guinea-Bissau,1985,38,1,GNB,0.1
0.1666667,6.47857,Guinea-Bissau,1990,39,1,GNB,0.1
0.6666667,6.662519,Guinea-Bissau,1995,40,1,GNB,0.75
0.5,6.533538,Guinea-Bissau,2000,41,1,GNB,0.75
NA,NA,Equatorial Guinea,1950,31,0,GNQ,NA
NA,NA,Equatorial Guinea,1955,32,0,GNQ,NA
NA,8.091364,Equatorial Guinea,1960,33,0,GNQ,NA
NA,8.134517,Equatorial Guinea,1965,34,0,GNQ,NA
0.1666667,8.231673,Equatorial Guinea,1970,35,0,GNQ,0.15
0.1666667,8.285317,Equatorial Guinea,1975,36,1,GNQ,0.15
0,7.689084,Equatorial Guinea,1980,37,1,GNQ,0.15
0,7.449494,Equatorial Guinea,1985,38,1,GNQ,0.15
0,7.257563,Equatorial Guinea,1990,39,1,GNQ,0.15
0,7.043111,Equatorial Guinea,1995,40,1,GNQ,0.25
0,8.189795,Equatorial Guinea,2000,41,1,GNQ,0.25
0.98,NA,Greece,1950,31,0,GRC,0.7
0.83,8.078986,Greece,1955,32,0,GRC,0.7
0.88,8.334816,Greece,1960,33,1,GRC,0.7
0.83,8.72038,Greece,1965,34,1,GRC,0.7
0.1666667,9.040845,Greece,1970,35,1,GRC,0.15
0.8333333,9.249929,Greece,1975,36,1,GRC,0.9
0.8333333,9.380486,Greece,1980,37,1,GRC,0.9
0.8333333,9.349674,Greece,1985,38,1,GRC,0.9
1,9.390127,Greece,1990,39,1,GRC,1
1,9.431264,Greece,1995,40,1,GRC,1
1,9.589738,Greece,2000,41,1,GRC,1
NA,NA,Grenada,1950,31,0,GRD,NA
NA,NA,Grenada,1955,32,0,GRD,NA
NA,NA,Grenada,1960,33,0,GRD,NA
NA,NA,Grenada,1965,34,0,GRD,NA
NA,NA,Grenada,1970,35,0,GRD,NA
0.8333333,NA,Grenada,1975,36,0,GRD,NA
0.3333333,8.012017,Grenada,1980,37,1,GRD,NA
0.8333333,8.217793,Grenada,1985,38,1,GRD,NA
0.8333333,8.461378,Grenada,1990,39,1,GRD,NA
1,8.496442,Grenada,1995,40,1,GRD,NA
1,8.728799,Grenada,2000,41,1,GRD,NA
0.69,7.677903,Guatemala,1950,31,0,GTM,0.6
0.5,7.638525,Guatemala,1955,32,0,GTM,0.2
0.7,7.759642,Guatemala,1960,33,1,GTM,0.25
0.4,7.845412,Guatemala,1965,34,1,GTM,0.25
0.8333333,8.003448,Guatemala,1970,35,1,GTM,0.55
0.5,8.142745,Guatemala,1975,36,1,GTM,0.35
0.3333333,8.308284,Guatemala,1980,37,1,GTM,0.25
0.5,8.1823340000000009,Guatemala,1985,38,1,GTM,NA
0.6666667,8.188078,Guatemala,1990,39,1,GTM,0.65
0.5,8.235296,Guatemala,1995,40,1,GTM,0.65
0.6666667,8.272367,Guatemala,2000,41,1,GTM,0.9
NA,7.912866,Guyana,1950,31,0,GUY,NA
NA,7.720251,Guyana,1955,32,0,GUY,NA
NA,7.548697,Guyana,1960,33,0,GUY,NA
0.53,7.61239,Guyana,1965,34,0,GUY,NA
0.8333333,7.796377,Guyana,1970,35,0,GUY,0.55
0.5,7.866194,Guyana,1975,36,1,GUY,0.55
0.5,7.945521,Guyana,1980,37,1,GUY,0.15
0.3333333,7.709775,Guyana,1985,38,1,GUY,0.15
0.3333333,7.644551,Guyana,1990,39,1,GUY,0.15
0.8333333,7.878178,Guyana,1995,40,1,GUY,0.8
0.8333333,NA,Guyana,2000,41,1,GUY,0.8
0.63,7.50185,Honduras,1950,31,0,HND,0.35
0.16,7.333015,Honduras,1955,32,0,HND,0.35
0.7,7.438536,Honduras,1960,33,1,HND,0.45
0.5,7.488313,Honduras,1965,34,1,HND,0.45
0,7.528791,Honduras,1970,35,1,HND,0.45
0.1666667,7.593008,Honduras,1975,36,1,HND,0.45
0.5,7.731841,Honduras,1980,37,1,HND,NA
0.8333333,7.725555,Honduras,1985,38,1,HND,0.75
0.8333333,7.707236,Honduras,1990,39,1,HND,0.8
0.6666667,7.626646,Honduras,1995,40,1,HND,0.8
0.6666667,7.625558,Honduras,2000,41,1,HND,0.85
NA,NA,Croatia,1950,31,0,HRV,NA
NA,NA,Croatia,1955,32,0,HRV,NA
NA,NA,Croatia,1960,33,0,HRV,NA
NA,NA,Croatia,1965,34,0,HRV,NA
NA,NA,Croatia,1970,35,0,HRV,NA
NA,NA,Croatia,1975,36,0,HRV,NA
NA,NA,Croatia,1980,37,0,HRV,NA
NA,NA,Croatia,1985,38,0,HRV,NA
NA,NA,Croatia,1990,39,0,HRV,NA
0.5,8.837205,Croatia,1995,40,0,HRV,0.25
0.8333333,9.050838,Croatia,2000,41,1,HRV,0.85
0.47,NA,Haiti,1950,31,0,HTI,0.25
0.51,NA,Haiti,1955,32,0,HTI,0.25
0.35,NA,Haiti,1960,33,1,HTI,0.1
0.21,NA,Haiti,1965,34,1,HTI,0.05
0,6.834893,Haiti,1970,35,1,HTI,0.05
0.1666667,6.826536,Haiti,1975,36,1,HTI,0
0.1666667,7.013275,Haiti,1980,37,1,HTI,0.05
0,6.874998,Haiti,1985,38,1,HTI,0.05
0.5,6.763781,Haiti,1990,39,1,HTI,0.85
0.3333333,7.288907,Haiti,1995,40,1,HTI,0.85
0.1666667,NA,Haiti,2000,41,1,HTI,0.4
0.22,NA,Hungary,1950,31,0,HUN,0.15
0.27,NA,Hungary,1955,32,0,HUN,0.15
0.28,NA,Hungary,1960,33,1,HUN,0.15
0.12,NA,Hungary,1965,34,1,HUN,0.15
0.1666667,8.588902,Hungary,1970,35,1,HUN,0.15
0.1666667,8.845778,Hungary,1975,36,1,HUN,0.15
0.1666667,9.011422,Hungary,1980,37,1,HUN,0.15
0.3333333,9.122087,Hungary,1985,38,1,HUN,0.15
0.8333333,9.169792,Hungary,1990,39,1,HUN,1
1,9.064034,Hungary,1995,40,1,HUN,1
1,9.253325,Hungary,2000,41,1,HUN,1
NA,NA,Indonesia,1950,31,0,IDN,0.5
0.57,NA,Indonesia,1955,32,0,IDN,0.5
0.2,6.841697,Indonesia,1960,33,1,IDN,0.25
0.1,6.797702,Indonesia,1965,34,1,IDN,0.25
0.3333333,6.991541,Indonesia,1970,35,1,IDN,0.15
0.3333333,7.256683,Indonesia,1975,36,1,IDN,0.15
0.3333333,7.54732,Indonesia,1980,37,1,IDN,0.15
0.3333333,7.730899,Indonesia,1985,38,1,IDN,0.15
0.1666667,7.955369,Indonesia,1990,39,1,IDN,0.15
0,8.200976,Indonesia,1995,40,1,IDN,0.15
0.6666667,8.200371,Indonesia,2000,41,1,IDN,0.85
NA,6.558499,India,1950,31,0,IND,0.95
0.98,6.652637,India,1955,32,0,IND,0.95
0.94,6.74189,India,1960,33,1,IND,0.95
0.91,6.831872,India,1965,34,1,IND,0.95
0.8333333,6.978369,India,1970,35,1,IND,0.95
0.8333333,6.997562,India,1975,36,1,IND,0.85
0.8333333,7.055082,India,1980,37,1,IND,0.9
0.8333333,7.221988,India,1985,38,1,IND,0.9
0.8333333,7.423547,India,1990,39,1,IND,0.9
0.5,7.590337,India,1995,40,1,IND,0.95
0.8333333,7.815578,India,2000,41,1,IND,0.95
1,8.358317,Ireland,1950,31,0,IRL,0.9
1,8.471416,Ireland,1955,32,0,IRL,1
0.95,8.544048,Ireland,1960,33,1,IRL,1
0.97,8.699453,Ireland,1965,34,1,IRL,1
1,8.8901,Ireland,1970,35,1,IRL,1
1,9.045475,Ireland,1975,36,1,IRL,1
1,9.206577,Ireland,1980,37,1,IRL,1
1,9.295671,Ireland,1985,38,1,IRL,1
1,9.558014,Ireland,1990,39,1,IRL,1
1,9.756508,Ireland,1995,40,1,IRL,1
1,10.18039,Ireland,2000,41,1,IRL,1
0.48,NA,Iran,1950,31,0,IRN,0.45
0.29,7.459379,Iran,1955,32,0,IRN,0
0.35,7.8892,Iran,1960,33,1,IRN,0
0.45,8.141539,Iran,1965,34,1,IRN,0
0.3333333,8.561217,Iran,1970,35,1,IRN,0
0.1666667,8.522073,Iran,1975,36,1,IRN,0
0.3333333,8.301185,Iran,1980,37,1,IRN,NA
0.3333333,8.397391,Iran,1985,38,1,IRN,0.2
0.1666667,8.26404,Iran,1990,39,1,IRN,0.2
0.1666667,8.519805,Iran,1995,40,1,IRN,0.2
0.1666667,8.698613,Iran,2000,41,1,IRN,0.65
0.34,NA,Iraq,1950,31,0,IRQ,0.3
0.23,NA,Iraq,1955,32,0,IRQ,0.3
0.15,NA,Iraq,1960,33,1,IRQ,0.25
0.11,NA,Iraq,1965,34,1,IRQ,0.25
0,NA,Iraq,1970,35,1,IRQ,0.15
0,NA,Iraq,1975,36,1,IRQ,0.15
0.1666667,NA,Iraq,1980,37,1,IRQ,0.05
0,NA,Iraq,1985,38,1,IRQ,0.05
0,NA,Iraq,1990,39,1,IRQ,0.05
0,NA,Iraq,1995,40,1,IRQ,0.05
0,NA,Iraq,2000,41,1,IRQ,0.05
1,8.73309,Iceland,1950,31,0,ISL,1
1,8.9662210000000009,Iceland,1955,32,0,ISL,1
1,9.014312,Iceland,1960,33,1,ISL,1
1,9.275016,Iceland,1965,34,1,ISL,1
1,9.298835,Iceland,1970,35,1,ISL,1
1,9.564708,Iceland,1975,36,1,ISL,1
1,9.808449,Iceland,1980,37,1,ISL,1
1,9.857358,Iceland,1985,38,1,ISL,1
1,9.954723,Iceland,1990,39,1,ISL,1
1,9.927636,Iceland,1995,40,1,ISL,1
1,10.11767,Iceland,2000,41,1,ISL,1
NA,8.289317,Israel,1950,31,0,ISR,1
1,8.42516,Israel,1955,32,0,ISR,1
0.95,8.620045,Israel,1960,33,1,ISR,1
0.97,8.898729,Israel,1965,34,1,ISR,1
0.8333333,9.086753,Israel,1970,35,1,ISR,0.95
0.8333333,9.305582,Israel,1975,36,1,ISR,0.95
0.8333333,9.34363,Israel,1980,37,1,ISR,0.95
0.8333333,9.392495,Israel,1985,38,1,ISR,0.95
0.8333333,9.519797,Israel,1990,39,1,ISR,0.95
1,9.6899,Israel,1995,40,1,ISR,0.95
1,9.738237,Israel,2000,41,1,ISR,1
0.97,8.304736,Italy,1950,31,0,ITA,1
0.99,8.588603,Italy,1955,32,0,ITA,1
0.97,8.837732,Italy,1960,33,1,ITA,1
0.97,9.049049,Italy,1965,34,1,ITA,1
1,9.332002,Italy,1970,35,1,ITA,1
1,9.435337,Italy,1975,36,1,ITA,1
1,9.631416,Italy,1980,37,1,ITA,1
1,9.704334,Italy,1985,38,1,ITA,1
1,9.868263,Italy,1990,39,1,ITA,1
1,9.918014,Italy,1995,40,1,ITA,1
1,9.988757,Italy,2000,41,1,ITA,1
NA,NA,Jamaica,1950,31,0,JAM,NA
NA,7.587536,Jamaica,1955,32,0,JAM,NA
0.91,7.917863,Jamaica,1960,33,0,JAM,1
0.9,8.082705,Jamaica,1965,34,0,JAM,1
1,8.260118,Jamaica,1970,35,1,JAM,1
1,8.284571,Jamaica,1975,36,1,JAM,1
0.8333333,8.146678,Jamaica,1980,37,1,JAM,1
0.8333333,8.100238,Jamaica,1985,38,1,JAM,1
0.8333333,8.318845,Jamaica,1990,39,1,JAM,1
0.8333333,8.244399,Jamaica,1995,40,1,JAM,0.95
0.8333333,8.214085,Jamaica,2000,41,1,JAM,0.95
0.36,NA,Jordan,1950,31,0,JOR,0
0.43,7.177885,Jordan,1955,32,0,JOR,0.45
0.32,7.734221,Jordan,1960,33,1,JOR,0.05
0.31,7.919852,Jordan,1965,34,1,JOR,0.05
0.1666667,7.708977,Jordan,1970,35,1,JOR,0.05
0.1666667,7.765361,Jordan,1975,36,1,JOR,0
0.1666667,8.306857,Jordan,1980,37,1,JOR,0
0.3333333,8.400855,Jordan,1985,38,1,JOR,0.05
0.3333333,8.148808,Jordan,1990,39,1,JOR,0.3
0.5,8.230902,Jordan,1995,40,1,JOR,0.4
0.5,8.267375,Jordan,2000,41,1,JOR,0.4
NA,7.708295,Japan,1950,31,0,JPN,NA
0.99,8.058745,Japan,1955,32,0,JPN,1
0.99,8.42168,Japan,1960,33,1,JPN,1
1,8.830431,Japan,1965,34,1,JPN,1
0.8333333,9.347801,Japan,1970,35,1,JPN,1
0.8333333,9.485228,Japan,1975,36,1,JPN,1
1,9.656223,Japan,1980,37,1,JPN,1
1,9.783747,Japan,1985,38,1,JPN,1
1,10.00876,Japan,1990,39,1,JPN,1
1,10.05485,Japan,1995,40,1,JPN,1
1,10.11356,Japan,2000,41,1,JPN,1
NA,NA,Kazakhstan,1950,31,0,KAZ,NA
NA,NA,Kazakhstan,1955,32,0,KAZ,NA
NA,NA,Kazakhstan,1960,33,0,KAZ,NA
NA,NA,Kazakhstan,1965,34,0,KAZ,NA
NA,NA,Kazakhstan,1970,35,0,KAZ,NA
NA,NA,Kazakhstan,1975,36,0,KAZ,NA
NA,NA,Kazakhstan,1980,37,0,KAZ,NA
NA,NA,Kazakhstan,1985,38,0,KAZ,NA
NA,NA,Kazakhstan,1990,39,0,KAZ,NA
0.1666667,8.656834,Kazakhstan,1995,40,0,KAZ,0.3
0.1666667,8.908018,Kazakhstan,2000,41,1,KAZ,0.3
NA,6.543081,Kenya,1950,31,0,KEN,NA
NA,6.51602,Kenya,1955,32,0,KEN,NA
0.71,6.679399,Kenya,1960,33,0,KEN,NA
0.58,6.741649,Kenya,1965,34,0,KEN,0.6
0.3333333,6.710691,Kenya,1970,35,1,KEN,0.15
0.3333333,7.036955,Kenya,1975,36,1,KEN,0.15
0.3333333,7.12166,Kenya,1980,37,1,KEN,0.2
0.1666667,7.04774,Kenya,1985,38,1,KEN,0.15
0.1666667,7.197484,Kenya,1990,39,1,KEN,0.15
0,7.133424,Kenya,1995,40,1,KEN,0.25
0.1666667,7.126381,Kenya,2000,41,1,KEN,0.4
NA,NA,Kyrgyz Republic,1950,31,0,KGZ,NA
NA,NA,Kyrgyz Republic,1955,32,0,KGZ,NA
NA,NA,Kyrgyz Republic,1960,33,0,KGZ,NA
NA,NA,Kyrgyz Republic,1965,34,0,KGZ,NA
NA,NA,Kyrgyz Republic,1970,35,0,KGZ,NA
NA,NA,Kyrgyz Republic,1975,36,0,KGZ,NA
NA,NA,Kyrgyz Republic,1980,37,0,KGZ,NA
NA,NA,Kyrgyz Republic,1985,38,0,KGZ,NA
NA,NA,Kyrgyz Republic,1990,39,0,KGZ,NA
0.5,7.839219,Kyrgyz Republic,1995,40,0,KGZ,0.35
0.1666667,8.011205,Kyrgyz Republic,2000,41,1,KGZ,0.35
NA,NA,Cambodia,1950,31,0,KHM,NA
0.33,NA,Cambodia,1955,32,0,KHM,0.05
0.39,NA,Cambodia,1960,33,1,KHM,0.05
0.36,NA,Cambodia,1965,34,1,KHM,0.05
0.1666667,NA,Cambodia,1970,35,1,KHM,NA
0,NA,Cambodia,1975,36,1,KHM,NA
0,NA,Cambodia,1980,37,1,KHM,NA
0,NA,Cambodia,1985,38,1,KHM,NA
0,NA,Cambodia,1990,39,1,KHM,NA
0.1666667,7.076396,Cambodia,1995,40,1,KHM,0.55
0.1666667,NA,Cambodia,2000,41,1,KHM,0.6
NA,NA,Kiribati,1950,31,0,KIR,NA
NA,NA,Kiribati,1955,32,0,KIR,NA
NA,NA,Kiribati,1960,33,0,KIR,NA
NA,NA,Kiribati,1965,34,0,KIR,NA
NA,NA,Kiribati,1970,35,0,KIR,NA
NA,NA,Kiribati,1975,36,0,KIR,NA
0.8333333,NA,Kiribati,1980,37,0,KIR,NA
1,NA,Kiribati,1985,38,1,KIR,NA
1,NA,Kiribati,1990,39,1,KIR,NA
1,NA,Kiribati,1995,40,1,KIR,NA
1,NA,Kiribati,2000,41,1,KIR,NA
NA,NA,St. Kitts and Nevis,1950,31,0,KNA,NA
NA,NA,St. Kitts and Nevis,1955,32,0,KNA,NA
NA,NA,St. Kitts and Nevis,1960,33,0,KNA,NA
NA,NA,St. Kitts and Nevis,1965,34,0,KNA,NA
NA,NA,St. Kitts and Nevis,1970,35,0,KNA,NA
NA,NA,St. Kitts and Nevis,1975,36,0,KNA,NA
NA,8.546586,St. Kitts and Nevis,1980,37,0,KNA,NA
1,8.756536,St. Kitts and Nevis,1985,38,0,KNA,NA
1,8.970687,St. Kitts and Nevis,1990,39,1,KNA,NA
1,9.286465,St. Kitts and Nevis,1995,40,1,KNA,NA
1,9.522664,St. Kitts and Nevis,2000,41,1,KNA,NA
NA,NA,Korea,1950,31,0,KOE,NA
NA,NA,Korea,1955,32,0,KOE,NA
NA,NA,Korea,1960,33,1,KOE,NA
NA,NA,Korea,1965,34,1,KOE,NA
NA,NA,Korea,1970,35,1,KOE,NA
NA,NA,Korea,1975,36,1,KOE,NA
NA,NA,Korea,1980,37,1,KOE,NA
NA,NA,Korea,1985,38,1,KOE,NA
NA,NA,Korea,1990,39,1,KOE,NA
NA,NA,Korea,1995,40,1,KOE,NA
NA,NA,Korea,2000,41,1,KOE,NA
NA,NA,"Korea, Rep.",1950,31,0,KOR,0.35
0.65,7.285283,"Korea, Rep.",1955,32,0,KOR,0.3
0.52,7.310043,"Korea, Rep.",1960,33,1,KOR,0.9
0.53,7.497014,"Korea, Rep.",1965,34,1,KOR,0.65
0.3333333,7.906761,"Korea, Rep.",1970,35,1,KOR,0.65
0.3333333,8.204275,"Korea, Rep.",1975,36,1,KOR,0.1
0.3333333,8.47425,"Korea, Rep.",1980,37,1,KOR,0.1
0.5,8.790099,"Korea, Rep.",1985,38,1,KOR,0.25
0.8333333,9.205568,"Korea, Rep.",1990,39,1,KOR,0.8
0.8333333,9.514257,"Korea, Rep.",1995,40,1,KOR,0.8
0.8333333,9.672554,"Korea, Rep.",2000,41,1,KOR,0.9
NA,NA,Kuwait,1950,31,0,KWT,NA
NA,NA,Kuwait,1955,32,0,KWT,NA
NA,NA,Kuwait,1960,33,0,KWT,NA
NA,NA,Kuwait,1965,34,0,KWT,0.05
0.5,NA,Kuwait,1970,35,1,KWT,0.05
0.5,NA,Kuwait,1975,36,1,KWT,0.1
0.1666667,NA,Kuwait,1980,37,1,KWT,0
0.5,NA,Kuwait,1985,38,1,KWT,0.1
0,NA,Kuwait,1990,39,1,KWT,NA
0.3333333,NA,Kuwait,1995,40,1,KWT,0.15
0.5,NA,Kuwait,2000,41,1,KWT,0.15
NA,NA,Lao PDR,1950,31,0,LAO,NA
NA,NA,Lao PDR,1955,32,0,LAO,NA
0.57,NA,Lao PDR,1960,33,1,LAO,0.45
0.43,NA,Lao PDR,1965,34,1,LAO,NA
0.3333333,NA,Lao PDR,1970,35,1,LAO,NA
0.1666667,NA,Lao PDR,1975,36,1,LAO,0.15
0,NA,Lao PDR,1980,37,1,LAO,0.15
0,NA,Lao PDR,1985,38,1,LAO,0.15
0.1666667,NA,Lao PDR,1990,39,1,LAO,0.15
0,NA,Lao PDR,1995,40,1,LAO,0.15
0,NA,Lao PDR,2000,41,1,LAO,0.15
0.91,NA,Lebanon,1950,31,0,LBN,0.6
0.86,NA,Lebanon,1955,32,0,LBN,0.6
0.84,NA,Lebanon,1960,33,1,LBN,0.6
0.74,NA,Lebanon,1965,34,1,LBN,0.6
0.8333333,NA,Lebanon,1970,35,1,LBN,0.75
0.5,NA,Lebanon,1975,36,1,LBN,NA
0.5,NA,Lebanon,1980,37,1,LBN,NA
0.3333333,NA,Lebanon,1985,38,1,LBN,NA
0.1666667,8.082907,Lebanon,1990,39,1,LBN,NA
0.1666667,8.461366,Lebanon,1995,40,1,LBN,NA
0.1666667,8.663174,Lebanon,2000,41,1,LBN,NA
0.54,NA,Liberia,1950,31,0,LBR,0.2
0.47,NA,Liberia,1955,32,0,LBR,0.2
0.47,NA,Liberia,1960,33,1,LBR,0.2
0.46,NA,Liberia,1965,34,1,LBR,0.2
0.1666667,NA,Liberia,1970,35,1,LBR,0.2
0.1666667,NA,Liberia,1975,36,1,LBR,0.2
0.1666667,NA,Liberia,1980,37,1,LBR,0.15
0.3333333,NA,Liberia,1985,38,1,LBR,0.2
0,NA,Liberia,1990,39,1,LBR,NA
0,NA,Liberia,1995,40,1,LBR,NA
0.3333333,NA,Liberia,2000,41,1,LBR,0.5
NA,NA,Libya,1950,31,0,LBY,NA
NA,NA,Libya,1955,32,0,LBY,0.15
0.31,NA,Libya,1960,33,1,LBY,0.15
0.34,NA,Libya,1965,34,1,LBY,0.15
0,NA,Libya,1970,35,1,LBY,0.15
0,NA,Libya,1975,36,1,LBY,0.15
0.1666667,NA,Libya,1980,37,1,LBY,0.15
0.1666667,NA,Libya,1985,38,1,LBY,0.15
0,NA,Libya,1990,39,1,LBY,0.15
0,NA,Libya,1995,40,1,LBY,0.15
0,NA,Libya,2000,41,1,LBY,0.15
NA,NA,St. Lucia,1950,31,0,LCA,NA
NA,NA,St. Lucia,1955,32,0,LCA,NA
NA,NA,St. Lucia,1960,33,0,LCA,NA
NA,NA,St. Lucia,1965,34,0,LCA,NA
NA,NA,St. Lucia,1970,35,0,LCA,NA
NA,NA,St. Lucia,1975,36,0,LCA,NA
0.8333333,8.082571,St. Lucia,1980,37,0,LCA,NA
1,8.152157,St. Lucia,1985,38,1,LCA,NA
1,8.637772,St. Lucia,1990,39,1,LCA,NA
1,8.751712,St. Lucia,1995,40,1,LCA,NA
1,8.753119,St. Lucia,2000,41,1,LCA,NA
NA,NA,Liechtenstein,1950,31,0,LIE,NA
NA,NA,Liechtenstein,1955,32,0,LIE,NA
NA,NA,Liechtenstein,1960,33,1,LIE,NA
NA,NA,Liechtenstein,1965,34,1,LIE,NA
0.5,NA,Liechtenstein,1970,35,1,LIE,NA
NA,NA,Liechtenstein,1975,36,1,LIE,NA
NA,NA,Liechtenstein,1980,37,1,LIE,NA
NA,NA,Liechtenstein,1985,38,1,LIE,NA
NA,NA,Liechtenstein,1990,39,1,LIE,NA
1,NA,Liechtenstein,1995,40,1,LIE,NA
1,NA,Liechtenstein,2000,41,1,LIE,NA
NA,7.131373,Sri Lanka,1950,31,0,LKA,0.85
1,7.178453,Sri Lanka,1955,32,0,LKA,0.85
0.94,7.195235,Sri Lanka,1960,33,1,LKA,0.85
0.86,7.233606,Sri Lanka,1965,34,1,LKA,0.85
0.8333333,7.3508,Sri Lanka,1970,35,1,LKA,0.9
0.8333333,7.41386,Sri Lanka,1975,36,1,LKA,0.9
0.8333333,7.489711,Sri Lanka,1980,37,1,LKA,0.8
0.6666667,7.723791,Sri Lanka,1985,38,1,LKA,0.75
0.5,7.830053,Sri Lanka,1990,39,1,LKA,0.75
0.5,8.028013,Sri Lanka,1995,40,1,LKA,0.75
0.6666667,8.10163,Sri Lanka,2000,41,1,LKA,0.75
NA,NA,Lesotho,1950,31,0,LSO,NA
NA,NA,Lesotho,1955,32,0,LSO,NA
NA,6.548558,Lesotho,1960,33,0,LSO,NA
NA,6.762671,Lesotho,1965,34,0,LSO,NA
0,6.783237,Lesotho,1970,35,0,LSO,0.05
0.3333333,6.959955,Lesotho,1975,36,1,LSO,0.15
0.3333333,7.213881,Lesotho,1980,37,1,LSO,0.15
0.3333333,7.179348,Lesotho,1985,38,1,LSO,0.15
0.1666667,7.222058,Lesotho,1990,39,1,LSO,0.15
0.5,7.207245,Lesotho,1995,40,1,LSO,0.9
0.5,7.37254,Lesotho,2000,41,1,LSO,NA
NA,NA,Lithuania,1950,31,0,LTU,NA
NA,NA,Lithuania,1955,32,0,LTU,NA
NA,NA,Lithuania,1960,33,1,LTU,NA
NA,NA,Lithuania,1965,34,1,LTU,NA
NA,NA,Lithuania,1970,35,1,LTU,NA
NA,NA,Lithuania,1975,36,1,LTU,NA
NA,NA,Lithuania,1980,37,1,LTU,NA
NA,NA,Lithuania,1985,38,1,LTU,NA
NA,NA,Lithuania,1990,39,1,LTU,NA
1,8.737635,Lithuania,1995,40,1,LTU,1
1,8.889239,Lithuania,2000,41,1,LTU,1
1,9.231618,Luxembourg,1950,31,0,LUX,NA
1,9.244015,Luxembourg,1955,32,0,LUX,NA
1,9.367659,Luxembourg,1960,33,1,LUX,NA
0.98,9.481506,Luxembourg,1965,34,1,LUX,NA
0.8333333,9.623864,Luxembourg,1970,35,1,LUX,NA
0.8333333,9.696674,Luxembourg,1975,36,1,LUX,NA
1,9.790245,Luxembourg,1980,37,1,LUX,NA
1,9.905174,Luxembourg,1985,38,1,LUX,NA
1,10.19956,Luxembourg,1990,39,1,LUX,NA
1,10.44502,Luxembourg,1995,40,1,LUX,NA
1,10.6917,Luxembourg,2000,41,1,LUX,NA
NA,NA,Latvia,1950,31,0,LVA,NA
NA,NA,Latvia,1955,32,0,LVA,NA
NA,NA,Latvia,1960,33,1,LVA,NA
NA,NA,Latvia,1965,34,1,LVA,NA
NA,NA,Latvia,1970,35,1,LVA,NA
NA,NA,Latvia,1975,36,1,LVA,NA
NA,NA,Latvia,1980,37,1,LVA,NA
NA,NA,Latvia,1985,38,1,LVA,NA
NA,9.204279,Latvia,1990,39,1,LVA,NA
0.8333333,8.695889,Latvia,1995,40,1,LVA,0.9
1,8.942823,Latvia,2000,41,1,LVA,0.9
NA,7.186028,Morocco,1950,31,0,MAR,NA
NA,7.176,Morocco,1955,32,0,MAR,NA
0.41,7.176346,Morocco,1960,33,0,MAR,0.25
0.32,7.585205,Morocco,1965,34,1,MAR,0.05
0.3333333,7.723347,Morocco,1970,35,1,MAR,0.05
0.3333333,7.836394,Morocco,1975,36,1,MAR,0.05
0.5,8.00448,Morocco,1980,37,1,MAR,0.1
0.5,8.051818,Morocco,1985,38,1,MAR,0.1
0.5,8.174837,Morocco,1990,39,1,MAR,0.1
0.3333333,8.140558,Morocco,1995,40,1,MAR,0.15
0.3333333,8.220592,Morocco,2000,41,1,MAR,0.2
NA,NA,Moldova,1950,31,0,MDA,NA
NA,NA,Moldova,1955,32,0,MDA,NA
NA,NA,Moldova,1960,33,0,MDA,NA
NA,NA,Moldova,1965,34,0,MDA,NA
NA,NA,Moldova,1970,35,0,MDA,NA
NA,NA,Moldova,1975,36,0,MDA,NA
NA,NA,Moldova,1980,37,0,MDA,NA
NA,NA,Moldova,1985,38,0,MDA,NA
NA,NA,Moldova,1990,39,0,MDA,NA
0.5,7.774394,Moldova,1995,40,0,MDA,0.85
0.8333333,7.642906,Moldova,2000,41,1,MDA,0.85
NA,NA,Madagascar,1950,31,0,MDG,NA
NA,NA,Madagascar,1955,32,0,MDG,NA
0.92,7.122519,Madagascar,1960,33,0,MDG,0.45
0.83,7.029944,Madagascar,1965,34,1,MDG,0.45
0.3333333,7.149919,Madagascar,1970,35,1,MDG,0.45
0.3333333,7.074652,Madagascar,1975,36,1,MDG,0.2
0.1666667,6.990982,Madagascar,1980,37,1,MDG,0.2
0.3333333,6.863005,Madagascar,1985,38,1,MDG,0.2
0.5,6.803911,Madagascar,1990,39,1,MDG,0.2
0.8333333,6.708395,Madagascar,1995,40,1,MDG,0.95
0.8333333,6.728495,Madagascar,2000,41,1,MDG,0.85
NA,NA,Maldives,1950,31,0,MDV,NA
NA,NA,Maldives,1955,32,0,MDV,NA
NA,NA,Maldives,1960,33,0,MDV,NA
NA,NA,Maldives,1965,34,0,MDV,NA
0.6666667,NA,Maldives,1970,35,1,MDV,NA
0.5,NA,Maldives,1975,36,1,MDV,NA
0.3333333,NA,Maldives,1980,37,1,MDV,NA
0.3333333,NA,Maldives,1985,38,1,MDV,NA
0.1666667,NA,Maldives,1990,39,1,MDV,NA
0.1666667,NA,Maldives,1995,40,1,MDV,NA
0.1666667,NA,Maldives,2000,41,1,MDV,NA
0.74,8.002966,Mexico,1950,31,0,MEX,0.2
NA,8.154305,Mexico,1955,32,0,MEX,0.2
0.8,8.289124,Mexico,1960,33,1,MEX,0.2
0.75,8.469162,Mexico,1965,34,1,MEX,0.2
0.3333333,8.616492,Mexico,1970,35,1,MEX,0.2
0.5,8.774226,Mexico,1975,36,1,MEX,0.2
0.6666667,8.943083,Mexico,1980,37,1,MEX,0.35
0.5,8.945503,Mexico,1985,38,1,MEX,0.35
0.5,8.900249,Mexico,1990,39,1,MEX,0.5
0.5,8.878354,Mexico,1995,40,1,MEX,0.7
0.8333333,9.078218,Mexico,2000,41,1,MEX,0.9
NA,NA,"Macedonia, FYR",1950,31,0,MKD,NA
NA,NA,"Macedonia, FYR",1955,32,0,MKD,NA
NA,NA,"Macedonia, FYR",1960,33,0,MKD,NA
NA,NA,"Macedonia, FYR",1965,34,0,MKD,NA
NA,NA,"Macedonia, FYR",1970,35,0,MKD,NA
NA,NA,"Macedonia, FYR",1975,36,0,MKD,NA
NA,NA,"Macedonia, FYR",1980,37,0,MKD,NA
NA,NA,"Macedonia, FYR",1985,38,0,MKD,NA
NA,NA,"Macedonia, FYR",1990,39,0,MKD,NA
0.5,8.416305,"Macedonia, FYR",1995,40,0,MKD,0.8
0.5,8.545053,"Macedonia, FYR",2000,41,1,MKD,0.8
NA,NA,Mali,1950,31,0,MLI,NA
NA,NA,Mali,1955,32,0,MLI,NA
0.53,6.890221,Mali,1960,33,0,MLI,0.15
0.37,6.657802,Mali,1965,34,1,MLI,0.15
0,6.66431,Mali,1970,35,1,MLI,0.15
0,6.740712,Mali,1975,36,1,MLI,0.15
0,6.850566,Mali,1980,37,1,MLI,0.15
0,6.755792,Mali,1985,38,1,MLI,0.15
0.1666667,6.626314,Mali,1990,39,1,MLI,0.15
0.8333333,6.69913,Mali,1995,40,1,MLI,0.85
0.8333333,6.876678,Mali,2000,41,1,MLI,0.8
NA,NA,Malta,1950,31,0,MLT,NA
NA,NA,Malta,1955,32,0,MLT,NA
NA,NA,Malta,1960,33,0,MLT,NA
NA,NA,Malta,1965,34,0,MLT,NA
1,NA,Malta,1970,35,1,MLT,NA
1,NA,Malta,1975,36,1,MLT,NA
0.8333333,NA,Malta,1980,37,1,MLT,NA
0.8333333,NA,Malta,1985,38,1,MLT,NA
1,NA,Malta,1990,39,1,MLT,NA
1,9.431823,Malta,1995,40,1,MLT,NA
1,NA,Malta,2000,41,1,MLT,NA
NA,NA,Myanmar,1950,31,0,MMR,0.9
0.93,NA,Myanmar,1955,32,0,MMR,0.9
0.63,NA,Myanmar,1960,33,1,MMR,0.9
NA,NA,Myanmar,1965,34,1,MMR,0.15
0,NA,Myanmar,1970,35,1,MMR,0.15
0.1666667,NA,Myanmar,1975,36,1,MMR,0.2
0,NA,Myanmar,1980,37,1,MMR,0.1
0,NA,Myanmar,1985,38,1,MMR,0.1
0,NA,Myanmar,1990,39,1,MMR,0.15
0,NA,Myanmar,1995,40,1,MMR,0.15
0,NA,Myanmar,2000,41,1,MMR,0.15
0.12,NA,Mongolia,1950,31,0,MNG,0.05
0.11,NA,Mongolia,1955,32,0,MNG,0.15
0.22,NA,Mongolia,1960,33,1,MNG,0.15
0.16,NA,Mongolia,1965,34,1,MNG,0.15
0,NA,Mongolia,1970,35,1,MNG,0.15
0,NA,Mongolia,1975,36,1,MNG,0.15
0,NA,Mongolia,1980,37,1,MNG,0.15
0,NA,Mongolia,1985,38,1,MNG,0.15
0.5,NA,Mongolia,1990,39,1,MNG,0.6
0.8333333,NA,Mongolia,1995,40,1,MNG,0.95
0.8333333,NA,Mongolia,2000,41,1,MNG,1
NA,NA,Modena,1950,31,0,MOD,NA
NA,NA,Modena,1955,32,0,MOD,NA
NA,NA,Modena,1960,33,0,MOD,NA
NA,NA,Modena,1965,34,0,MOD,NA
NA,NA,Modena,1970,35,0,MOD,NA
NA,NA,Modena,1975,36,0,MOD,NA
NA,NA,Modena,1980,37,0,MOD,NA
NA,NA,Modena,1985,38,0,MOD,NA
NA,NA,Modena,1990,39,0,MOD,NA
NA,NA,Modena,1995,40,0,MOD,NA
NA,NA,Modena,2000,41,0,MOD,NA
NA,NA,Mozambique,1950,31,0,MOZ,NA
NA,NA,Mozambique,1955,32,0,MOZ,NA
NA,7.364519,Mozambique,1960,33,0,MOZ,NA
0.12,7.419017,Mozambique,1965,34,0,MOZ,NA
NA,7.359494,Mozambique,1970,35,0,MOZ,NA
0.1666667,7.460438,Mozambique,1975,36,0,MOZ,0.1
0,7.029049,Mozambique,1980,37,1,MOZ,0.1
0.1666667,6.654599,Mozambique,1985,38,1,MOZ,0.1
0.1666667,6.830688,Mozambique,1990,39,1,MOZ,0.15
0.6666667,6.688275,Mozambique,1995,40,1,MOZ,0.8
0.6666667,6.944121,Mozambique,2000,41,1,MOZ,0.8
NA,NA,Mauritania,1950,31,0,MRT,NA
NA,NA,Mauritania,1955,32,0,MRT,NA
0.67,6.951782,Mauritania,1960,33,0,MRT,0.3
0.59,7.438795,Mauritania,1965,34,1,MRT,0.15
0.1666667,7.53964,Mauritania,1970,35,1,MRT,0.15
0.1666667,7.490358,Mauritania,1975,36,1,MRT,0.15
0,7.545162,Mauritania,1980,37,1,MRT,0.15
0,7.313798,Mauritania,1985,38,1,MRT,0.15
0,7.166897,Mauritania,1990,39,1,MRT,0.15
0.1666667,7.139542,Mauritania,1995,40,1,MRT,0.2
0.1666667,NA,Mauritania,2000,41,1,MRT,0.2
NA,8.571584,Mauritius,1950,31,0,MUS,NA
NA,8.450212,Mauritius,1955,32,0,MUS,NA
NA,8.057663,Mauritius,1960,33,0,MUS,NA
NA,8.355584,Mauritius,1965,34,0,MUS,NA
0.6666667,8.295341,Mauritius,1970,35,0,MUS,0.95
0.8333333,8.45127,Mauritius,1975,36,1,MUS,0.95
0.8333333,8.658683,Mauritius,1980,37,1,MUS,0.95
0.8333333,8.832932,Mauritius,1985,38,1,MUS,1
0.8333333,9.105606,Mauritius,1990,39,1,MUS,1
1,9.335156,Mauritius,1995,40,1,MUS,1
1,9.541922,Mauritius,2000,41,1,MUS,1
NA,NA,Malawi,1950,31,0,MWI,NA
NA,6.055119,Malawi,1955,32,0,MWI,NA
NA,6.03681,Malawi,1960,33,0,MWI,NA
0.58,6.17475,Malawi,1965,34,0,MWI,0.05
0,6.120677,Malawi,1970,35,1,MWI,0.05
0,6.389271,Malawi,1975,36,1,MWI,0.05
0.1666667,6.482756,Malawi,1980,37,1,MWI,0.05
0.1666667,6.476879,Malawi,1985,38,1,MWI,0.05
0,6.430699,Malawi,1990,39,1,MWI,0.05
0.8333333,6.51129,Malawi,1995,40,1,MWI,0.85
0.6666667,6.664136,Malawi,2000,41,1,MWI,0.85
NA,NA,Malaysia,1950,31,0,MYS,NA
NA,7.582372,Malaysia,1955,32,0,MYS,NA
0.84,7.658714,Malaysia,1960,33,0,MYS,1
0.8,7.823121,Malaysia,1965,34,1,MYS,1
0.8333333,7.966764,Malaysia,1970,35,1,MYS,0.55
0.6666667,8.186017,Malaysia,1975,36,1,MYS,0.7
0.6666667,8.492172,Malaysia,1980,37,1,MYS,0.7
0.6666667,8.603088,Malaysia,1985,38,1,MYS,0.7
0.3333333,8.783339,Malaysia,1990,39,1,MYS,0.7
0.5,9.071631,Malaysia,1995,40,1,MYS,0.65
0.3333333,9.202227,Malaysia,2000,41,1,MYS,0.65
NA,NA,Namibia,1950,31,0,NAM,NA
NA,NA,Namibia,1955,32,0,NAM,NA
NA,8.097447,Namibia,1960,33,0,NAM,NA
NA,8.332298,Namibia,1965,34,0,NAM,NA
NA,8.470129,Namibia,1970,35,0,NAM,NA
NA,8.612038,Namibia,1975,36,0,NAM,NA
NA,8.391611,Namibia,1980,37,0,NAM,NA
NA,8.400318,Namibia,1985,38,0,NAM,NA
0.8333333,8.319297,Namibia,1990,39,0,NAM,0.8
0.8333333,8.39278,Namibia,1995,40,1,NAM,0.8
0.8333333,NA,Namibia,2000,41,1,NAM,0.8
NA,NA,Niger,1950,31,0,NER,NA
NA,NA,Niger,1955,32,0,NER,NA
0.57,7.392861,Niger,1960,33,0,NER,0.15
0.16,7.466524,Niger,1965,34,1,NER,0.15
0.1666667,7.325603,Niger,1970,35,1,NER,0.15
0,7.056677,Niger,1975,36,1,NER,0.15
0,7.032337,Niger,1980,37,1,NER,0.15
0,6.7974,Niger,1985,38,1,NER,0.15
0.1666667,6.85442,Niger,1990,39,1,NER,0.15
0.6666667,6.716748,Niger,1995,40,1,NER,0.9
0.5,6.774415,Niger,2000,41,1,NER,0.7
NA,6.622696,Nigeria,1950,31,0,NGA,NA
NA,6.739598,Nigeria,1955,32,0,NGA,NA
0.87,6.939947,Nigeria,1960,33,0,NGA,0.9
0.49,6.969365,Nigeria,1965,34,1,NGA,0.85
0.1666667,7.015095,Nigeria,1970,35,1,NGA,0.15
0.1666667,6.97206,Nigeria,1975,36,1,NGA,0.15
0.8333333,7.102584,Nigeria,1980,37,1,NGA,0.85
0,6.935002,Nigeria,1985,38,1,NGA,0.15
0.3333333,6.998362,Nigeria,1990,39,1,NGA,0.25
0,6.830782,Nigeria,1995,40,1,NGA,0.2
0.5,6.560809,Nigeria,2000,41,1,NGA,0.7
0.41,7.647715,Nicaragua,1950,31,0,NIC,0.1
0.53,7.935471,Nicaragua,1955,32,0,NIC,0.1
0.49,7.964466,Nicaragua,1960,33,1,NIC,0.1
0.55,8.247722,Nicaragua,1965,34,1,NIC,0.1
0.5,8.28903,Nicaragua,1970,35,1,NIC,0.1
0.3333333,8.372661,Nicaragua,1975,36,1,NIC,0.1
0.3333333,8.01919,Nicaragua,1980,37,1,NIC,NA
0.3333333,8.002988,Nicaragua,1985,38,1,NIC,0.45
0.6666667,7.718805,Nicaragua,1990,39,1,NIC,0.8
0.5,7.506292,Nicaragua,1995,40,1,NIC,0.9
0.6666667,7.47715,Nicaragua,2000,41,1,NIC,0.9
1,8.846285,Netherlands,1950,31,0,NLD,1
1,9.01467,Netherlands,1955,32,0,NLD,1
1,9.13194,Netherlands,1960,33,1,NLD,1
1,9.300868,Netherlands,1965,34,1,NLD,1
1,9.496997,Netherlands,1970,35,1,NLD,1
1,9.601299,Netherlands,1975,36,1,NLD,1
1,9.694074,Netherlands,1980,37,1,NLD,1
1,9.730054,Netherlands,1985,38,1,NLD,1
1,9.877166,Netherlands,1990,39,1,NLD,1
1,9.94662,Netherlands,1995,40,1,NLD,1
1,10.09876,Netherlands,2000,41,1,NLD,1
1,8.799761,Norway,1950,31,0,NOR,1
1,8.935828,Norway,1955,32,0,NOR,1
1,9.016792,Norway,1960,33,1,NOR,1
1,9.190365,Norway,1965,34,1,NOR,1
1,9.322586,Norway,1970,35,1,NOR,1
1,9.54068,Norway,1975,36,1,NOR,1
1,9.730227,Norway,1980,37,1,NOR,1
1,9.867865,Norway,1985,38,1,NOR,1
1,9.925536,Norway,1990,39,1,NOR,1
1,10.0813,Norway,1995,40,1,NOR,1
1,10.20583,Norway,2000,41,1,NOR,1
0.12,NA,Nepal,1950,31,0,NPL,0.25
NA,NA,Nepal,1955,32,0,NPL,0.15
0.4,6.657564,Nepal,1960,33,1,NPL,0
0.29,6.651843,Nepal,1965,34,1,NPL,0.05
0.1666667,6.704073,Nepal,1970,35,1,NPL,0.05
0.1666667,6.784991,Nepal,1975,36,1,NPL,0.05
0.6666667,6.756389,Nepal,1980,37,1,NPL,0.05
0.6666667,6.908319,Nepal,1985,38,1,NPL,0.4
0.5,6.99108,Nepal,1990,39,1,NPL,0.75
0.6666667,7.124873,Nepal,1995,40,1,NPL,0.75
0.6666667,7.285717,Nepal,2000,41,1,NPL,0.8
1,9.176184,New Zealand,1950,31,0,NZL,1
1,9.209663,New Zealand,1955,32,0,NZL,1
1,9.353518,New Zealand,1960,33,1,NZL,1
1,9.511593,New Zealand,1965,34,1,NZL,1
1,9.52262,New Zealand,1970,35,1,NZL,1
1,9.628115,New Zealand,1975,36,1,NZL,1
1,9.563643,New Zealand,1980,37,1,NZL,1
1,9.69045,New Zealand,1985,38,1,NZL,1
1,9.690828,New Zealand,1990,39,1,NZL,1
1,9.76537,New Zealand,1995,40,1,NZL,1
1,9.842444,New Zealand,2000,41,1,NZL,1
NA,NA,Orange Free State,1950,31,0,OFS,NA
NA,NA,Orange Free State,1955,32,0,OFS,NA
NA,NA,Orange Free State,1960,33,0,OFS,NA
NA,NA,Orange Free State,1965,34,0,OFS,NA
NA,NA,Orange Free State,1970,35,0,OFS,NA
NA,NA,Orange Free State,1975,36,0,OFS,NA
NA,NA,Orange Free State,1980,37,0,OFS,NA
NA,NA,Orange Free State,1985,38,0,OFS,NA
NA,NA,Orange Free State,1990,39,0,OFS,NA
NA,NA,Orange Free State,1995,40,0,OFS,NA
NA,NA,Orange Free State,2000,41,0,OFS,NA
NA,NA,Oman,1950,31,0,OMN,0.2
NA,NA,Oman,1955,32,0,OMN,0.2
NA,NA,Oman,1960,33,1,OMN,0
NA,NA,Oman,1965,34,1,OMN,0
0,NA,Oman,1970,35,1,OMN,0
0,NA,Oman,1975,36,1,OMN,0
0.1666667,NA,Oman,1980,37,1,OMN,0
0.1666667,NA,Oman,1985,38,1,OMN,0
0.1666667,NA,Oman,1990,39,1,OMN,0
0.1666667,NA,Oman,1995,40,1,OMN,0.05
0.1666667,NA,Oman,2000,41,1,OMN,0.05
NA,NA,Pakistan-post-1972,1950,31,0,PAK,NA
NA,NA,Pakistan-post-1972,1955,32,0,PAK,NA
NA,NA,Pakistan-post-1972,1960,33,0,PAK,NA
NA,NA,Pakistan-post-1972,1965,34,0,PAK,NA
0.6666667,NA,Pakistan-post-1972,1970,35,0,PAK,NA
0.3333333,6.926908,Pakistan-post-1972,1975,36,0,PAK,0.9
0,7.049308,Pakistan-post-1972,1980,37,1,PAK,0.15
0.5,7.275558,Pakistan-post-1972,1985,38,1,PAK,0.3
0.5,7.465782,Pakistan-post-1972,1990,39,1,PAK,0.9
0.6666667,7.551351,Pakistan-post-1972,1995,40,1,PAK,0.9
0.1666667,7.604745,Pakistan-post-1972,2000,41,1,PAK,0.2
NA,6.50547,Pakistan-pre-1972,1950,31,0,PAK_1,0.7
NA,6.57761,Pakistan-pre-1972,1955,32,0,PAK_1,0.75
0.4,6.450712,Pakistan-pre-1972,1960,33,1,PAK_1,0.15
0.63,6.614855,Pakistan-pre-1972,1965,34,1,PAK_1,0.55
NA,6.848849,Pakistan-pre-1972,1970,35,1,PAK_1,NA
NA,NA,Pakistan-pre-1972,1975,36,1,PAK_1,NA
NA,NA,Pakistan-pre-1972,1980,37,1,PAK_1,NA
NA,NA,Pakistan-pre-1972,1985,38,1,PAK_1,NA
NA,NA,Pakistan-pre-1972,1990,39,1,PAK_1,NA
NA,NA,Pakistan-pre-1972,1995,40,1,PAK_1,NA
NA,NA,Pakistan-pre-1972,2000,41,1,PAK_1,NA
0.7,7.585534,Panama,1950,31,0,PAN,0.45
0.73,7.647482,Panama,1955,32,0,PAN,0.7
0.75,7.751285,Panama,1960,33,1,PAN,0.7
0.77,8.008891,Panama,1965,34,1,PAN,0.7
0,8.249015,Panama,1970,35,1,PAN,0.15
0,8.346293,Panama,1975,36,1,PAN,0.15
0.5,8.583906,Panama,1980,37,1,PAN,0.2
0.1666667,8.673018,Panama,1985,38,1,PAN,0.2
0.5,8.514949,Panama,1990,39,1,PAN,0.9
0.8333333,8.634871,Panama,1995,40,1,PAN,0.95
1,8.710505,Panama,2000,41,1,PAN,0.95
NA,NA,Papal States,1950,31,0,PAP,NA
NA,NA,Papal States,1955,32,0,PAP,NA
NA,NA,Papal States,1960,33,0,PAP,NA
NA,NA,Papal States,1965,34,0,PAP,NA
NA,NA,Papal States,1970,35,0,PAP,NA
NA,NA,Papal States,1975,36,0,PAP,NA
NA,NA,Papal States,1980,37,0,PAP,NA
NA,NA,Papal States,1985,38,0,PAP,NA
NA,NA,Papal States,1990,39,0,PAP,NA
NA,NA,Papal States,1995,40,0,PAP,NA
NA,NA,Papal States,2000,41,0,PAP,NA
0.4,7.819401,Peru,1950,31,0,PER,0.7
0.77,8.024429,Peru,1955,32,0,PER,0.7
0.83,8.07968,Peru,1960,33,1,PER,0.7
0.87,8.306534,Peru,1965,34,1,PER,0.75
0,8.452364,Peru,1970,35,1,PER,0.15
0.1666667,8.582943,Peru,1975,36,1,PER,0.15
0.8333333,8.497258,Peru,1980,37,1,PER,0.85
0.8333333,8.382646,Peru,1985,38,1,PER,0.85
0.6666667,8.184428,Peru,1990,39,1,PER,0.9
0.3333333,8.395685,Peru,1995,40,1,PER,0.55
0.6666667,8.431426,Peru,2000,41,1,PER,NA
0.76,7.202755,Philippines,1950,31,0,PHL,0.75
0.9,7.441252,Philippines,1955,32,0,PHL,0.75
0.93,7.608164,Philippines,1960,33,1,PHL,0.75
0.93,7.700883,Philippines,1965,34,1,PHL,0.75
0.5,7.781599,Philippines,1970,35,1,PHL,0.6
0.3333333,7.935596,Philippines,1975,36,1,PHL,0.05
0.3333333,8.098315,Philippines,1980,37,1,PHL,0.05
0.5,7.923011,Philippines,1985,38,1,PHL,0.2
0.6666667,8.00947,Philippines,1990,39,1,PHL,0.9
0.8333333,8.0161,Philippines,1995,40,1,PHL,0.9
0.8333333,8.138867,Philippines,2000,41,1,PHL,0.9
NA,NA,Parma,1950,31,0,PMA,NA
NA,NA,Parma,1955,32,0,PMA,NA
NA,NA,Parma,1960,33,0,PMA,NA
NA,NA,Parma,1965,34,0,PMA,NA
NA,NA,Parma,1970,35,0,PMA,NA
NA,NA,Parma,1975,36,0,PMA,NA
NA,NA,Parma,1980,37,0,PMA,NA
NA,NA,Parma,1985,38,0,PMA,NA
NA,NA,Parma,1990,39,0,PMA,NA
NA,NA,Parma,1995,40,0,PMA,NA
NA,NA,Parma,2000,41,0,PMA,NA
NA,NA,Papua New Guinea,1950,31,0,PNG,NA
NA,NA,Papua New Guinea,1955,32,0,PNG,NA
NA,7.685717,Papua New Guinea,1960,33,0,PNG,NA
NA,7.961848,Papua New Guinea,1965,34,0,PNG,NA
NA,7.959229,Papua New Guinea,1970,35,0,PNG,NA
0.6666667,8.184258,Papua New Guinea,1975,36,0,PNG,1
0.8333333,8.045626,Papua New Guinea,1980,37,1,PNG,1
0.8333333,8.027691,Papua New Guinea,1985,38,1,PNG,1
0.8333333,7.966026,Papua New Guinea,1990,39,1,PNG,1
0.8333333,8.177335,Papua New Guinea,1995,40,1,PNG,1
0.8333333,NA,Papua New Guinea,2000,41,1,PNG,1
0.41,NA,Poland,1950,31,0,POL,0.15
0.21,NA,Poland,1955,32,0,POL,0.15
0.24,NA,Poland,1960,33,1,POL,0.15
0.22,NA,Poland,1965,34,1,POL,0.15
0.1666667,NA,Poland,1970,35,1,POL,0.15
0.1666667,NA,Poland,1975,36,1,POL,0.15
0.1666667,8.858294,Poland,1980,37,1,POL,0.2
0.1666667,8.771687,Poland,1985,38,1,POL,0.15
0.8333333,8.794974,Poland,1990,39,1,POL,0.75
1,8.893109,Poland,1995,40,1,POL,0.95
1,9.128801,Poland,2000,41,1,POL,0.95
NA,NA,"Korea, Dem. Rep.",1950,31,0,PRK,0.15
NA,NA,"Korea, Dem. Rep.",1955,32,0,PRK,0.15
0.21,NA,"Korea, Dem. Rep.",1960,33,1,PRK,0.1
0.21,NA,"Korea, Dem. Rep.",1965,34,1,PRK,0.1
0,NA,"Korea, Dem. Rep.",1970,35,1,PRK,0.05
0,NA,"Korea, Dem. Rep.",1975,36,1,PRK,0.05
0,NA,"Korea, Dem. Rep.",1980,37,1,PRK,0.05
0,NA,"Korea, Dem. Rep.",1985,38,1,PRK,0.05
0,NA,"Korea, Dem. Rep.",1990,39,1,PRK,0.05
0,NA,"Korea, Dem. Rep.",1995,40,1,PRK,0.05
0,NA,"Korea, Dem. Rep.",2000,41,1,PRK,0.05
0.44,7.703648,Portugal,1950,31,0,PRT,0.05
0.44,7.941837,Portugal,1955,32,0,PRT,0.05
0.42,8.140011,Portugal,1960,33,1,PRT,0.05
0.39,8.423364,Portugal,1965,34,1,PRT,0.05
0.3333333,8.747725,Portugal,1970,35,1,PRT,0.05
0.3333333,8.914448,Portugal,1975,36,1,PRT,NA
0.8333333,9.10981,Portugal,1980,37,1,PRT,0.95
1,9.128251,Portugal,1985,38,1,PRT,1
1,9.417906,Portugal,1990,39,1,PRT,1
1,9.47473,Portugal,1995,40,1,PRT,1
1,9.675546,Portugal,2000,41,1,PRT,1
0.45,NA,Paraguay,1950,31,0,PRY,0.25
0.44,7.785094,Paraguay,1955,32,0,PRY,0.05
0.39,7.793753,Paraguay,1960,33,1,PRY,0.05
0.45,7.851269,Paraguay,1965,34,1,PRY,0.05
0.5,7.963511,Paraguay,1970,35,1,PRY,0.1
0.3333333,8.101874,Paraguay,1975,36,1,PRY,0.1
0.3333333,8.408973,Paraguay,1980,37,1,PRY,0.1
0.3333333,8.376948,Paraguay,1985,38,1,PRY,0.1
0.5,8.509608,Paraguay,1990,39,1,PRY,0.6
0.5,8.587156,Paraguay,1995,40,1,PRY,0.85
0.5,8.451826,Paraguay,2000,41,1,PRY,0.85
NA,NA,Qatar,1950,31,0,QAT,NA
NA,NA,Qatar,1955,32,0,QAT,NA
NA,NA,Qatar,1960,33,0,QAT,NA
NA,NA,Qatar,1965,34,0,QAT,NA
0.1666667,NA,Qatar,1970,35,0,QAT,NA
0.1666667,NA,Qatar,1975,36,0,QAT,0
0.3333333,NA,Qatar,1980,37,1,QAT,0
0.3333333,NA,Qatar,1985,38,1,QAT,0
0,NA,Qatar,1990,39,1,QAT,0
0,NA,Qatar,1995,40,1,QAT,0
0.1666667,NA,Qatar,2000,41,1,QAT,0
0.23,NA,Romania,1950,31,0,ROM,0.15
0.3,NA,Romania,1955,32,0,ROM,0.15
0.2,6.945526,Romania,1960,33,1,ROM,0.15
0.21,7.315963,Romania,1965,34,1,ROM,0.15
0,7.628484,Romania,1970,35,1,ROM,0.15
0,8.031935,Romania,1975,36,1,ROM,0.15
0,7.664037,Romania,1980,37,1,ROM,0.1
0,8.659968,Romania,1985,38,1,ROM,0.1
0.1666667,8.474678,Romania,1990,39,1,ROM,0.75
0.5,8.46146,Romania,1995,40,1,ROM,0.75
0.8333333,8.362939,Romania,2000,41,1,ROM,0.9
NA,NA,Russia,1950,31,0,RUS,NA
NA,NA,Russia,1955,32,0,RUS,NA
NA,NA,Russia,1960,33,1,RUS,NA
NA,NA,Russia,1965,34,1,RUS,NA
NA,NA,Russia,1970,35,1,RUS,NA
NA,NA,Russia,1975,36,1,RUS,NA
NA,NA,Russia,1980,37,1,RUS,NA
NA,NA,Russia,1985,38,1,RUS,NA
NA,NA,Russia,1990,39,1,RUS,NA
0.6666667,8.878406,Russia,1995,40,1,RUS,0.7
0.3333333,8.988348,Russia,2000,41,1,RUS,0.85
NA,NA,Rwanda,1950,31,0,RWA,NA
NA,NA,Rwanda,1955,32,0,RWA,NA
0.31,6.843564,Rwanda,1960,33,0,RWA,NA
0.3,6.600103,Rwanda,1965,34,0,RWA,0.25
0,6.787419,Rwanda,1970,35,1,RWA,0.25
0,6.752532,Rwanda,1975,36,1,RWA,0.15
0.1666667,7.00038,Rwanda,1980,37,1,RWA,0.15
0.1666667,6.978871,Rwanda,1985,38,1,RWA,0.15
0.1666667,6.972079,Rwanda,1990,39,1,RWA,0.15
0,6.607646,Rwanda,1995,40,1,RWA,0.2
0,6.797143,Rwanda,2000,41,1,RWA,0.3
NA,NA,Sardinia,1950,31,0,SAR,NA
NA,NA,Sardinia,1955,32,0,SAR,NA
NA,NA,Sardinia,1960,33,0,SAR,NA
NA,NA,Sardinia,1965,34,0,SAR,NA
NA,NA,Sardinia,1970,35,0,SAR,NA
NA,NA,Sardinia,1975,36,0,SAR,NA
NA,NA,Sardinia,1980,37,0,SAR,NA
NA,NA,Sardinia,1985,38,0,SAR,NA
NA,NA,Sardinia,1990,39,0,SAR,NA
NA,NA,Sardinia,1995,40,0,SAR,NA
NA,NA,Sardinia,2000,41,0,SAR,NA
0.11,NA,Saudi Arabia,1950,31,0,SAU,0
0.11,NA,Saudi Arabia,1955,32,0,SAU,0
0.12,NA,Saudi Arabia,1960,33,1,SAU,0
0.1,NA,Saudi Arabia,1965,34,1,SAU,0
0.1666667,NA,Saudi Arabia,1970,35,1,SAU,0
0.1666667,NA,Saudi Arabia,1975,36,1,SAU,0
0.1666667,NA,Saudi Arabia,1980,37,1,SAU,0
0.1666667,NA,Saudi Arabia,1985,38,1,SAU,0
0,NA,Saudi Arabia,1990,39,1,SAU,0
0,NA,Saudi Arabia,1995,40,1,SAU,0
0,NA,Saudi Arabia,2000,41,1,SAU,0
NA,NA,Saxony,1950,31,0,SAX,NA
NA,NA,Saxony,1955,32,0,SAX,NA
NA,NA,Saxony,1960,33,0,SAX,NA
NA,NA,Saxony,1965,34,0,SAX,NA
NA,NA,Saxony,1970,35,0,SAX,NA
NA,NA,Saxony,1975,36,0,SAX,NA
NA,NA,Saxony,1980,37,0,SAX,NA
NA,NA,Saxony,1985,38,0,SAX,NA
NA,NA,Saxony,1990,39,0,SAX,NA
NA,NA,Saxony,1995,40,0,SAX,NA
NA,NA,Saxony,2000,41,0,SAX,NA
NA,NA,Sudan,1950,31,0,SDN,NA
NA,NA,Sudan,1955,32,0,SDN,0.9
0.25,NA,Sudan,1960,33,0,SDN,0.15
0.38,NA,Sudan,1965,34,1,SDN,0.85
0.1666667,NA,Sudan,1970,35,1,SDN,NA
0.1666667,NA,Sudan,1975,36,1,SDN,0.15
0.3333333,NA,Sudan,1980,37,1,SDN,0.15
0.1666667,NA,Sudan,1985,38,1,SDN,NA
0,NA,Sudan,1990,39,1,SDN,0.15
0,NA,Sudan,1995,40,1,SDN,0.15
0,NA,Sudan,2000,41,1,SDN,0.15
NA,NA,Senegal,1950,31,0,SEN,NA
NA,NA,Senegal,1955,32,0,SEN,NA
NA,7.50525,Senegal,1960,33,0,SEN,0.45
NA,7.442279,Senegal,1965,34,1,SEN,0.15
0.1666667,7.394487,Senegal,1970,35,1,SEN,0.15
0.1666667,7.362354,Senegal,1975,36,1,SEN,0.2
0.5,7.287621,Senegal,1980,37,1,SEN,0.4
0.6666667,7.306947,Senegal,1985,38,1,SEN,0.45
0.5,7.316562,Senegal,1990,39,1,SEN,0.45
0.5,7.284021,Senegal,1995,40,1,SEN,0.45
0.6666667,7.3912890000000004,Senegal,2000,41,1,SEN,0.9
NA,NA,Serbia,1950,31,0,SER,NA
NA,NA,Serbia,1955,32,0,SER,NA
NA,NA,Serbia,1960,33,0,SER,NA
NA,NA,Serbia,1965,34,0,SER,NA
NA,NA,Serbia,1970,35,0,SER,NA
NA,NA,Serbia,1975,36,0,SER,NA
NA,NA,Serbia,1980,37,0,SER,NA
NA,NA,Serbia,1985,38,0,SER,NA
NA,NA,Serbia,1990,39,0,SER,NA
NA,NA,Serbia,1995,40,0,SER,NA
NA,NA,Serbia,2000,41,0,SER,NA
NA,NA,Singapore,1950,31,0,SGP,NA
NA,NA,Singapore,1955,32,0,SGP,NA
0.81,7.678224,Singapore,1960,33,0,SGP,0.85
0.77,8.034787,Singapore,1965,34,0,SGP,0.4
0.3333333,8.571418,Singapore,1970,35,1,SGP,0.4
0.3333333,8.972173,Singapore,1975,36,1,SGP,0.4
0.3333333,9.34695,Singapore,1980,37,1,SGP,0.4
0.5,9.512479,Singapore,1985,38,1,SGP,0.4
0.5,9.79439,Singapore,1990,39,1,SGP,0.4
0.3333333,10.02757,Singapore,1995,40,1,SGP,0.4
0.3333333,NA,Singapore,2000,41,1,SGP,0.4
NA,NA,Two Sicilies,1950,31,0,SIC,NA
NA,NA,Two Sicilies,1955,32,0,SIC,NA
NA,NA,Two Sicilies,1960,33,0,SIC,NA
NA,NA,Two Sicilies,1965,34,0,SIC,NA
NA,NA,Two Sicilies,1970,35,0,SIC,NA
NA,NA,Two Sicilies,1975,36,0,SIC,NA
NA,NA,Two Sicilies,1980,37,0,SIC,NA
NA,NA,Two Sicilies,1985,38,0,SIC,NA
NA,NA,Two Sicilies,1990,39,0,SIC,NA
NA,NA,Two Sicilies,1995,40,0,SIC,NA
NA,NA,Two Sicilies,2000,41,0,SIC,NA
NA,NA,Solomon Islands,1950,31,0,SLB,NA
NA,NA,Solomon Islands,1955,32,0,SLB,NA
NA,NA,Solomon Islands,1960,33,0,SLB,NA
NA,NA,Solomon Islands,1965,34,0,SLB,NA
NA,NA,Solomon Islands,1970,35,0,SLB,NA
NA,NA,Solomon Islands,1975,36,0,SLB,NA
0.8333333,NA,Solomon Islands,1980,37,0,SLB,NA
0.8333333,NA,Solomon Islands,1985,38,1,SLB,NA
1,NA,Solomon Islands,1990,39,1,SLB,NA
1,NA,Solomon Islands,1995,40,1,SLB,NA
0.5,NA,Solomon Islands,2000,41,1,SLB,NA
NA,NA,Sierra Leone,1950,31,0,SLE,NA
NA,NA,Sierra Leone,1955,32,0,SLE,NA
0.94,NA,Sierra Leone,1960,33,0,SLE,NA
0.75,7.128407,Sierra Leone,1965,34,0,SLE,0.8
0.5,7.310796,Sierra Leone,1970,35,1,SLE,0.55
0.1666667,7.255608,Sierra Leone,1975,36,1,SLE,0.2
0.3333333,7.119874,Sierra Leone,1980,37,1,SLE,0.15
0.3333333,7.098263,Sierra Leone,1985,38,1,SLE,0.15
0.1666667,7.157906,Sierra Leone,1990,39,1,SLE,0.15
0,6.789893,Sierra Leone,1995,40,1,SLE,0.15
0.5,NA,Sierra Leone,2000,41,1,SLE,NA
0.54,7.948096,El Salvador,1950,31,0,SLV,0.2
0.54,8.06926,El Salvador,1955,32,0,SLV,0.2
0.54,8.104618,El Salvador,1960,33,1,SLV,0.35
0.72,8.268486,El Salvador,1965,34,1,SLV,0.5
0.8333333,8.328597,El Salvador,1970,35,1,SLV,0.5
0.8333333,8.403013,El Salvador,1975,36,1,SLV,0.45
0.1666667,8.332961,El Salvador,1980,37,1,SLV,NA
0.8333333,8.193586,El Salvador,1985,38,1,SLV,0.8
0.6666667,8.167508,El Salvador,1990,39,1,SLV,0.8
0.6666667,8.338053,El Salvador,1995,40,1,SLV,0.85
0.8333333,8.39732,El Salvador,2000,41,1,SLV,0.85
NA,NA,Somalia,1950,31,0,SOM,NA
NA,NA,Somalia,1955,32,0,SOM,NA
0.86,NA,Somalia,1960,33,0,SOM,0.85
0.77,NA,Somalia,1965,34,1,SOM,0.85
0,NA,Somalia,1970,35,1,SOM,0.15
0,NA,Somalia,1975,36,1,SOM,0.15
0,NA,Somalia,1980,37,1,SOM,0.15
0,NA,Somalia,1985,38,1,SOM,0.15
0,NA,Somalia,1990,39,1,SOM,0.15
0,NA,Somalia,1995,40,1,SOM,NA
0.1666667,NA,Somalia,2000,41,1,SOM,NA
NA,NA,Sao Tome and Principe,1950,31,0,STP,NA
NA,NA,Sao Tome and Principe,1955,32,0,STP,NA
NA,NA,Sao Tome and Principe,1960,33,0,STP,NA
NA,NA,Sao Tome and Principe,1965,34,0,STP,NA
NA,NA,Sao Tome and Principe,1970,35,0,STP,NA
0.3333333,6.874294,Sao Tome and Principe,1975,36,0,STP,NA
0.1666667,6.899385,Sao Tome and Principe,1980,37,1,STP,NA
0,7.054222,Sao Tome and Principe,1985,38,1,STP,NA
0.3333333,7.222165,Sao Tome and Principe,1990,39,1,STP,NA
1,7.180779,Sao Tome and Principe,1995,40,1,STP,NA
1,NA,Sao Tome and Principe,2000,41,1,STP,NA
NA,NA,Suriname,1950,31,0,SUR,NA
NA,NA,Suriname,1955,32,0,SUR,NA
NA,NA,Suriname,1960,33,0,SUR,NA
NA,NA,Suriname,1965,34,0,SUR,NA
NA,NA,Suriname,1970,35,0,SUR,NA
0.8333333,NA,Suriname,1975,36,0,SUR,NA
0,NA,Suriname,1980,37,1,SUR,NA
0.1666667,NA,Suriname,1985,38,1,SUR,NA
0.5,NA,Suriname,1990,39,1,SUR,NA
0.6666667,NA,Suriname,1995,40,1,SUR,NA
1,NA,Suriname,2000,41,1,SUR,NA
NA,NA,Slovakia,1950,31,0,SVK,NA
NA,NA,Slovakia,1955,32,0,SVK,NA
NA,NA,Slovakia,1960,33,0,SVK,NA
NA,NA,Slovakia,1965,34,0,SVK,NA
NA,NA,Slovakia,1970,35,0,SVK,NA
NA,NA,Slovakia,1975,36,0,SVK,NA
NA,NA,Slovakia,1980,37,0,SVK,NA
NA,NA,Slovakia,1985,38,0,SVK,NA
NA,9.391191,Slovakia,1990,39,0,SVK,NA
0.8333333,9.153603,Slovakia,1995,40,0,SVK,0.85
1,9.342241,Slovakia,2000,41,1,SVK,0.95
NA,NA,Slovenia,1950,31,0,SVN,NA
NA,NA,Slovenia,1955,32,0,SVN,NA
NA,NA,Slovenia,1960,33,0,SVN,NA
NA,NA,Slovenia,1965,34,0,SVN,NA
NA,NA,Slovenia,1970,35,0,SVN,NA
NA,NA,Slovenia,1975,36,0,SVN,NA
NA,NA,Slovenia,1980,37,0,SVN,NA
NA,NA,Slovenia,1985,38,0,SVN,NA
NA,9.476882,Slovenia,1990,39,0,SVN,NA
1,9.451581,Slovenia,1995,40,0,SVN,1
1,9.664255,Slovenia,2000,41,1,SVN,1
1,NA,Sweden,1950,31,0,SWE,1
1,9.083261,Sweden,1955,32,0,SWE,1
1,9.227096,Sweden,1960,33,1,SWE,1
1,9.447625,Sweden,1965,34,1,SWE,1
1,9.604271,Sweden,1970,35,1,SWE,1
0.8333333,9.708359,Sweden,1975,36,1,SWE,1
1,9.75062,Sweden,1980,37,1,SWE,1
1,9.836894,Sweden,1985,38,1,SWE,1
1,9.942073,Sweden,1990,39,1,SWE,1
1,9.93772,Sweden,1995,40,1,SWE,1
1,10.07049,Sweden,2000,41,1,SWE,1
NA,NA,Swaziland,1950,31,0,SWZ,NA
NA,NA,Swaziland,1955,32,0,SWZ,NA
NA,NA,Swaziland,1960,33,0,SWZ,NA
NA,NA,Swaziland,1965,34,0,SWZ,NA
0.5,NA,Swaziland,1970,35,0,SWZ,0.5
0.1666667,NA,Swaziland,1975,36,1,SWZ,0
0.3333333,NA,Swaziland,1980,37,1,SWZ,0
0.3333333,NA,Swaziland,1985,38,1,SWZ,0
0.1666667,NA,Swaziland,1990,39,1,SWZ,0
0.1666667,NA,Swaziland,1995,40,1,SWZ,0.05
0.1666667,8.561657,Swaziland,2000,41,1,SWZ,0.05
NA,NA,Seychelles,1950,31,0,SYC,NA
NA,NA,Seychelles,1955,32,0,SYC,NA
NA,8.014518,Seychelles,1960,33,0,SYC,NA
NA,8.055449,Seychelles,1965,34,0,SYC,NA
NA,8.316642,Seychelles,1970,35,0,SYC,NA
NA,8.524745,Seychelles,1975,36,0,SYC,NA
0.1666667,9.005752,Seychelles,1980,37,0,SYC,NA
0.1666667,8.819954,Seychelles,1985,38,1,SYC,NA
0.1666667,9.100372,Seychelles,1990,39,1,SYC,NA
0.6666667,9.138081,Seychelles,1995,40,1,SYC,NA
0.6666667,9.234136,Seychelles,2000,41,1,SYC,NA
0.26,NA,Syrian Arab Republic,1950,31,0,SYR,0.6
0.6,NA,Syrian Arab Republic,1955,32,0,SYR,0.85
0.39,7.246059,Syrian Arab Republic,1960,33,1,SYR,NA
0.2,7.606903,Syrian Arab Republic,1965,34,1,SYR,0.15
0,7.405792,Syrian Arab Republic,1970,35,1,SYR,0.05
0.1666667,7.845409,Syrian Arab Republic,1975,36,1,SYR,0.05
0.3333333,8.003003,Syrian Arab Republic,1980,37,1,SYR,0.05
0.1666667,8.029099,Syrian Arab Republic,1985,38,1,SYR,0.05
0,8.043781,Syrian Arab Republic,1990,39,1,SYR,0.05
0,8.275031,Syrian Arab Republic,1995,40,1,SYR,0.05
0,8.317245,Syrian Arab Republic,2000,41,1,SYR,0.15
NA,NA,Chad,1950,31,0,TCD,NA
NA,NA,Chad,1955,32,0,TCD,NA
0.58,7.100346,Chad,1960,33,0,TCD,0.05
0.48,7.094266,Chad,1965,34,1,TCD,0.05
0.1666667,7.073476,Chad,1970,35,1,TCD,0.05
0,6.977922,Chad,1975,36,1,TCD,0.15
0.1666667,7.398462,Chad,1980,37,1,TCD,NA
0,6.937676,Chad,1985,38,1,TCD,0.15
0,6.816232,Chad,1990,39,1,TCD,0.15
0.1666667,6.796316,Chad,1995,40,1,TCD,0.3
0.1666667,6.811872,Chad,2000,41,1,TCD,0.4
NA,NA,Togo,1950,31,0,TGO,NA
NA,NA,Togo,1955,32,0,TGO,NA
NA,6.798084,Togo,1960,33,0,TGO,0.2
0.45,7.017609,Togo,1965,34,1,TGO,0.2
0,7.242382,Togo,1970,35,1,TGO,0.15
0,7.054319,Togo,1975,36,1,TGO,0.15
0,7.228293,Togo,1980,37,1,TGO,0.15
0.1666667,7.168874,Togo,1985,38,1,TGO,0.15
0.1666667,7.084732,Togo,1990,39,1,TGO,0.15
0.1666667,6.781268,Togo,1995,40,1,TGO,0.4
0.3333333,6.7689,Togo,2000,41,1,TGO,0.4
NA,6.940819,Thailand,1950,31,0,THA,0.35
0.4,6.700241,Thailand,1955,32,0,THA,0.35
0.33,6.994959,Thailand,1960,33,1,THA,0.15
0.17,7.206482,Thailand,1965,34,1,THA,0.15
0,7.507953,Thailand,1970,35,1,THA,0.6
0.8333333,7.638207,Thailand,1975,36,1,THA,0.65
0.6666667,7.91223,Thailand,1980,37,1,THA,0.6
0.6666667,8.092428,Thailand,1985,38,1,THA,0.6
0.8333333,8.483225,Thailand,1990,39,1,THA,0.65
0.6666667,8.819564,Thailand,1995,40,1,THA,0.95
0.8333333,8.833033,Thailand,2000,41,1,THA,0.95
NA,NA,Tajikistan,1950,31,0,TJK,NA
NA,NA,Tajikistan,1955,32,0,TJK,NA
NA,NA,Tajikistan,1960,33,0,TJK,NA
NA,NA,Tajikistan,1965,34,0,TJK,NA
NA,NA,Tajikistan,1970,35,0,TJK,NA
NA,NA,Tajikistan,1975,36,0,TJK,NA
NA,NA,Tajikistan,1980,37,0,TJK,NA
NA,NA,Tajikistan,1985,38,0,TJK,NA
NA,NA,Tajikistan,1990,39,0,TJK,NA
0,NA,Tajikistan,1995,40,0,TJK,0.2
0.1666667,7.185798,Tajikistan,2000,41,1,TJK,0.45
NA,NA,Turkmenistan,1950,31,0,TKM,NA
NA,NA,Turkmenistan,1955,32,0,TKM,NA
NA,NA,Turkmenistan,1960,33,0,TKM,NA
NA,NA,Turkmenistan,1965,34,0,TKM,NA
NA,NA,Turkmenistan,1970,35,0,TKM,NA
NA,NA,Turkmenistan,1975,36,0,TKM,NA
NA,NA,Turkmenistan,1980,37,0,TKM,NA
NA,NA,Turkmenistan,1985,38,0,TKM,NA
NA,NA,Turkmenistan,1990,39,0,TKM,NA
0,NA,Turkmenistan,1995,40,0,TKM,0.05
0,NA,Turkmenistan,2000,41,1,TKM,0.05
NA,NA,Tonga,1950,31,0,TON,NA
NA,NA,Tonga,1955,32,0,TON,NA
NA,NA,Tonga,1960,33,0,TON,NA
NA,NA,Tonga,1965,34,0,TON,NA
0.5,NA,Tonga,1970,35,0,TON,NA
0.3333333,NA,Tonga,1975,36,1,TON,NA
0.3333333,NA,Tonga,1980,37,1,TON,NA
0.3333333,NA,Tonga,1985,38,1,TON,NA
0.6666667,NA,Tonga,1990,39,1,TON,NA
0.3333333,NA,Tonga,1995,40,1,TON,NA
0.3333333,NA,Tonga,2000,41,1,TON,NA
NA,7.777935,Trinidad and Tobago,1950,31,0,TTO,NA
NA,8.047418,Trinidad and Tobago,1955,32,0,TTO,NA
0.94,8.382496,Trinidad and Tobago,1960,33,0,TTO,NA
0.85,8.62865,Trinidad and Tobago,1965,34,0,TTO,0.9
0.8333333,8.792037,Trinidad and Tobago,1970,35,1,TTO,0.9
0.8333333,8.900778,Trinidad and Tobago,1975,36,1,TTO,0.9
0.8333333,9.168795,Trinidad and Tobago,1980,37,1,TTO,0.9
1,9.203589,Trinidad and Tobago,1985,38,1,TTO,0.95
1,9.078541,Trinidad and Tobago,1990,39,1,TTO,0.95
1,9.126772,Trinidad and Tobago,1995,40,1,TTO,0.95
0.8333333,9.321452,Trinidad and Tobago,2000,41,1,TTO,1
NA,NA,Tunisia,1950,31,0,TUN,NA
NA,NA,Tunisia,1955,32,0,TUN,NA
0.84,NA,Tunisia,1960,33,0,TUN,0.05
0.64,7.683999,Tunisia,1965,34,1,TUN,0.05
0.1666667,7.851063,Tunisia,1970,35,1,TUN,0.1
0.1666667,8.194864,Tunisia,1975,36,1,TUN,0.05
0.1666667,8.3811,Tunisia,1980,37,1,TUN,0.05
0.3333333,8.475858,Tunisia,1985,38,1,TUN,0.1
0.3333333,8.504511,Tunisia,1990,39,1,TUN,0.25
0.1666667,8.614884,Tunisia,1995,40,1,TUN,0.35
0.1666667,8.821177,Tunisia,2000,41,1,TUN,0.35
0.84,7.500075,Turkey,1950,31,0,TUR,0.85
0.75,7.784102,Turkey,1955,32,0,TUR,0.7
0.59,7.8965,Turkey,1960,33,1,TUR,NA
0.76,8.013696,Turkey,1965,34,1,TUR,0.9
0.6666667,8.19382,Turkey,1970,35,1,TUR,0.9
0.8333333,8.375748,Turkey,1975,36,1,TUR,0.95
0.3333333,8.359807,Turkey,1980,37,1,TUR,0.25
0.6666667,8.494387,Turkey,1985,38,1,TUR,0.85
0.8333333,8.655212,Turkey,1990,39,1,TUR,0.95
0.3333333,8.717897,Turkey,1995,40,1,TUR,0.9
0.5,8.829385,Turkey,2000,41,1,TUR,0.85
NA,NA,Tuscany,1950,31,0,TUS,NA
NA,NA,Tuscany,1955,32,0,TUS,NA
NA,NA,Tuscany,1960,33,0,TUS,NA
NA,NA,Tuscany,1965,34,0,TUS,NA
NA,NA,Tuscany,1970,35,0,TUS,NA
NA,NA,Tuscany,1975,36,0,TUS,NA
NA,NA,Tuscany,1980,37,0,TUS,NA
NA,NA,Tuscany,1985,38,0,TUS,NA
NA,NA,Tuscany,1990,39,0,TUS,NA
NA,NA,Tuscany,1995,40,0,TUS,NA
NA,NA,Tuscany,2000,41,0,TUS,NA
NA,NA,Taiwan,1950,31,0,TWN,0.1
NA,7.109739,Taiwan,1955,32,0,TWN,0.1
NA,7.265564,Taiwan,1960,33,1,TWN,0.1
0.23,7.585199,Taiwan,1965,34,1,TWN,0.1
0.1666667,7.93372,Taiwan,1970,35,1,TWN,0.1
0.1666667,8.273167,Taiwan,1975,36,1,TWN,0.15
0.3333333,8.677489,Taiwan,1980,37,1,TWN,0.15
0.3333333,8.924109,Taiwan,1985,38,1,TWN,0.15
0.6666667,9.303891,Taiwan,1990,39,1,TWN,0.45
0.6666667,9.601359,Taiwan,1995,40,1,TWN,0.85
1,NA,Taiwan,2000,41,1,TWN,0.95
NA,NA,Tanzania,1950,31,0,TZA,NA
NA,NA,Tanzania,1955,32,0,TZA,NA
NA,5.944191,Tanzania,1960,33,0,TZA,NA
0.63,6.185551,Tanzania,1965,34,0,TZA,0.15
0.1666667,6.336952,Tanzania,1970,35,1,TZA,0.15
0.1666667,6.359638,Tanzania,1975,36,1,TZA,0.15
0.1666667,6.40638,Tanzania,1980,37,1,TZA,0.15
0.1666667,6.449449,Tanzania,1985,38,1,TZA,0.15
0.1666667,6.201927,Tanzania,1990,39,1,TZA,0.15
0.3333333,6.14666,Tanzania,1995,40,1,TZA,0.45
0.5,6.17768,Tanzania,2000,41,1,TZA,0.6
NA,6.290195,Uganda,1950,31,0,UGA,NA
NA,6.379051,Uganda,1955,32,0,UGA,NA
0.77,6.32879,Uganda,1960,33,0,UGA,NA
0.69,6.36559,Uganda,1965,34,0,UGA,0.85
0,6.409434,Uganda,1970,35,1,UGA,0.15
0,6.425271,Uganda,1975,36,1,UGA,0.15
0.3333333,6.093689,Uganda,1980,37,1,UGA,0.65
0.3333333,6.474236,Uganda,1985,38,1,UGA,NA
0.1666667,6.53124,Uganda,1990,39,1,UGA,0.15
0.3333333,6.692755,Uganda,1995,40,1,UGA,0.3
0.1666667,6.846763,Uganda,2000,41,1,UGA,0.3
NA,NA,Ukraine,1950,31,0,UKR,NA
NA,NA,Ukraine,1955,32,0,UKR,NA
NA,NA,Ukraine,1960,33,0,UKR,NA
NA,NA,Ukraine,1965,34,0,UKR,NA
NA,NA,Ukraine,1970,35,0,UKR,NA
NA,NA,Ukraine,1975,36,0,UKR,NA
NA,NA,Ukraine,1980,37,0,UKR,NA
NA,NA,Ukraine,1985,38,0,UKR,NA
NA,9.200294,Ukraine,1990,39,0,UKR,NA
0.6666667,8.486305,Ukraine,1995,40,0,UKR,0.8
0.5,8.438646,Ukraine,2000,41,1,UKR,0.85
NA,NA,United Province CA,1950,31,0,UPC,NA
NA,NA,United Province CA,1955,32,0,UPC,NA
NA,NA,United Province CA,1960,33,0,UPC,NA
NA,NA,United Province CA,1965,34,0,UPC,NA
NA,NA,United Province CA,1970,35,0,UPC,NA
NA,NA,United Province CA,1975,36,0,UPC,NA
NA,NA,United Province CA,1980,37,0,UPC,NA
NA,NA,United Province CA,1985,38,0,UPC,NA
NA,NA,United Province CA,1990,39,0,UPC,NA
NA,NA,United Province CA,1995,40,0,UPC,NA
NA,NA,United Province CA,2000,41,0,UPC,NA
1,8.571289,Uruguay,1950,31,0,URY,0.5
1,8.760683,Uruguay,1955,32,0,URY,0.9
1,8.678337,Uruguay,1960,33,1,URY,0.9
1,8.622192,Uruguay,1965,34,1,URY,0.9
0.6666667,8.721114,Uruguay,1970,35,1,URY,0.9
0.3333333,8.779673,Uruguay,1975,36,1,URY,0.1
0.3333333,8.990587,Uruguay,1980,37,1,URY,0.15
0.8333333,8.731979,Uruguay,1985,38,1,URY,0.95
1,8.890516,Uruguay,1990,39,1,URY,1
0.8333333,9.081685,Uruguay,1995,40,1,URY,1
1,9.17177,Uruguay,2000,41,1,URY,1
0.99,9.27824,United States,1950,31,0,USA,1
0.98,9.38968,United States,1955,32,0,USA,1
0.95,9.415136,United States,1960,33,1,USA,1
0.92,9.594625,United States,1965,34,1,USA,1
1,9.70207,United States,1970,35,1,USA,1
1,9.800418,United States,1975,36,1,USA,1
1,9.96813,United States,1980,37,1,USA,1
1,10.07001,United States,1985,38,1,USA,1
1,10.18331,United States,1990,39,1,USA,1
1,10.25446,United States,1995,40,1,USA,1
1,10.4131,United States,2000,41,1,USA,1
0.23,NA,USSR,1950,31,0,USS,0.05
0.22,NA,USSR,1955,32,0,USS,0.15
0.2,NA,USSR,1960,33,1,USS,0.15
0.18,NA,USSR,1965,34,1,USS,0.15
0.1666667,NA,USSR,1970,35,1,USS,0.15
0,NA,USSR,1975,36,1,USS,0.15
0.1666667,NA,USSR,1980,37,1,USS,0.15
0,NA,USSR,1985,38,1,USS,0.15
0.3333333,NA,USSR,1990,39,1,USS,0.5
NA,NA,USSR,1995,40,1,USS,NA
NA,NA,USSR,2000,41,1,USS,NA
NA,NA,Uzbekistan,1950,31,0,UZB,NA
NA,NA,Uzbekistan,1955,32,0,UZB,NA
NA,NA,Uzbekistan,1960,33,0,UZB,NA
NA,NA,Uzbekistan,1965,34,0,UZB,NA
NA,NA,Uzbekistan,1970,35,0,UZB,NA
NA,NA,Uzbekistan,1975,36,0,UZB,NA
NA,NA,Uzbekistan,1980,37,0,UZB,NA
NA,NA,Uzbekistan,1985,38,0,UZB,NA
NA,NA,Uzbekistan,1990,39,0,UZB,NA
0,7.841262,Uzbekistan,1995,40,0,UZB,0.05
0,NA,Uzbekistan,2000,41,1,UZB,0.05
NA,NA,St. Vincent and the Grenadines,1950,31,0,VCT,NA
NA,NA,St. Vincent and the Grenadines,1955,32,0,VCT,NA
NA,NA,St. Vincent and the Grenadines,1960,33,0,VCT,NA
NA,NA,St. Vincent and the Grenadines,1965,34,0,VCT,NA
NA,NA,St. Vincent and the Grenadines,1970,35,0,VCT,NA
NA,NA,St. Vincent and the Grenadines,1975,36,0,VCT,NA
0.8333333,8.06021,St. Vincent and the Grenadines,1980,37,0,VCT,NA
0.8333333,8.382401,St. Vincent and the Grenadines,1985,38,1,VCT,NA
1,8.585469,St. Vincent and the Grenadines,1990,39,1,VCT,NA
0.8333333,8.723261,St. Vincent and the Grenadines,1995,40,1,VCT,NA
0.8333333,8.874647,St. Vincent and the Grenadines,2000,41,1,VCT,NA
0.3,8.684034,"Venezuela, RB",1950,31,0,VEN,0.35
0.33,8.899124,"Venezuela, RB",1955,32,0,VEN,0.35
0.72,8.967084,"Venezuela, RB",1960,33,1,VEN,0.8
0.73,9.203649,"Venezuela, RB",1965,34,1,VEN,0.8
0.8333333,9.261748,"Venezuela, RB",1970,35,1,VEN,0.95
0.8333333,9.01757,"Venezuela, RB",1975,36,1,VEN,0.95
1,8.983068,"Venezuela, RB",1980,37,1,VEN,0.95
1,8.825475,"Venezuela, RB",1985,38,1,VEN,0.95
1,8.84677,"Venezuela, RB",1990,39,1,VEN,0.95
0.6666667,8.866961,"Venezuela, RB",1995,40,1,VEN,0.9
0.6666667,8.767203,"Venezuela, RB",2000,41,1,VEN,0.85
NA,NA,Vietnam,1950,31,0,VNM,NA
NA,NA,Vietnam,1955,32,0,VNM,NA
NA,NA,Vietnam,1960,33,1,VNM,NA
NA,NA,Vietnam,1965,34,1,VNM,NA
NA,NA,Vietnam,1970,35,1,VNM,NA
NA,NA,Vietnam,1975,36,1,VNM,NA
0,NA,Vietnam,1980,37,1,VNM,0.15
0,NA,Vietnam,1985,38,1,VNM,0.15
0,7.083342,Vietnam,1990,39,1,VNM,0.15
0,7.327942,Vietnam,1995,40,1,VNM,0.15
0,NA,Vietnam,2000,41,1,VNM,0.15
NA,NA,"Vietnam, North",1950,31,0,VNM_N,NA
NA,NA,"Vietnam, North",1955,32,0,VNM_N,0.05
0.31,NA,"Vietnam, North",1960,33,1,VNM_N,0.1
0.33,NA,"Vietnam, North",1965,34,1,VNM_N,0.1
0,NA,"Vietnam, North",1970,35,1,VNM_N,0.15
0,NA,"Vietnam, North",1975,36,1,VNM_N,0.15
NA,NA,"Vietnam, North",1980,37,1,VNM_N,NA
NA,NA,"Vietnam, North",1985,38,1,VNM_N,NA
NA,NA,"Vietnam, North",1990,39,1,VNM_N,NA
NA,NA,"Vietnam, North",1995,40,1,VNM_N,NA
NA,NA,"Vietnam, North",2000,41,1,VNM_N,NA
NA,NA,"Vietnam, South",1950,31,0,VNM_S,NA
NA,NA,"Vietnam, South",1955,32,0,VNM_S,0.35
0.55,NA,"Vietnam, South",1960,33,1,VNM_S,0.35
0.12,NA,"Vietnam, South",1965,34,1,VNM_S,0.35
0.5,NA,"Vietnam, South",1970,35,1,VNM_S,0.35
0,NA,"Vietnam, South",1975,36,1,VNM_S,0.35
NA,NA,"Vietnam, South",1980,37,1,VNM_S,NA
NA,NA,"Vietnam, South",1985,38,1,VNM_S,NA
NA,NA,"Vietnam, South",1990,39,1,VNM_S,NA
NA,NA,"Vietnam, South",1995,40,1,VNM_S,NA
NA,NA,"Vietnam, South",2000,41,1,VNM_S,NA
NA,NA,Vanuatu,1950,31,0,VUT,NA
NA,NA,Vanuatu,1955,32,0,VUT,NA
NA,NA,Vanuatu,1960,33,0,VUT,NA
NA,NA,Vanuatu,1965,34,0,VUT,NA
NA,NA,Vanuatu,1970,35,0,VUT,NA
NA,NA,Vanuatu,1975,36,0,VUT,NA
0.8333333,NA,Vanuatu,1980,37,0,VUT,NA
0.8333333,NA,Vanuatu,1985,38,1,VUT,NA
0.8333333,NA,Vanuatu,1990,39,1,VUT,NA
1,NA,Vanuatu,1995,40,1,VUT,NA
1,NA,Vanuatu,2000,41,1,VUT,NA
NA,NA,Wuerttemburg,1950,31,0,WRT,NA
NA,NA,Wuerttemburg,1955,32,0,WRT,NA
NA,NA,Wuerttemburg,1960,33,0,WRT,NA
NA,NA,Wuerttemburg,1965,34,0,WRT,NA
NA,NA,Wuerttemburg,1970,35,0,WRT,NA
NA,NA,Wuerttemburg,1975,36,0,WRT,NA
NA,NA,Wuerttemburg,1980,37,0,WRT,NA
NA,NA,Wuerttemburg,1985,38,0,WRT,NA
NA,NA,Wuerttemburg,1990,39,0,WRT,NA
NA,NA,Wuerttemburg,1995,40,0,WRT,NA
NA,NA,Wuerttemburg,2000,41,0,WRT,NA
NA,NA,Western Samoa,1950,31,0,WSM,NA
NA,NA,Western Samoa,1955,32,0,WSM,NA
NA,NA,Western Samoa,1960,33,0,WSM,NA
NA,NA,Western Samoa,1965,34,0,WSM,NA
0.5,NA,Western Samoa,1970,35,0,WSM,NA
0.5,NA,Western Samoa,1975,36,0,WSM,NA
0.5,NA,Western Samoa,1980,37,0,WSM,NA
0.5,NA,Western Samoa,1985,38,0,WSM,NA
0.8333333,NA,Western Samoa,1990,39,0,WSM,NA
0.8333333,NA,Western Samoa,1995,40,0,WSM,NA
0.8333333,NA,Western Samoa,2000,41,0,WSM,NA
NA,NA,Yemen,1950,31,0,YEM,NA
NA,NA,Yemen,1955,32,0,YEM,NA
NA,NA,Yemen,1960,33,0,YEM,NA
NA,NA,Yemen,1965,34,0,YEM,NA
NA,NA,Yemen,1970,35,0,YEM,NA
NA,NA,Yemen,1975,36,0,YEM,NA
NA,NA,Yemen,1980,37,0,YEM,NA
NA,NA,Yemen,1985,38,0,YEM,NA
0.1666667,7.003024,Yemen,1990,39,0,YEM,NA
0.3333333,6.775308,Yemen,1995,40,1,YEM,0.4
0.3333333,6.705804,Yemen,2000,41,1,YEM,0.4
0.12,NA,"Yemen, N.Arab",1950,31,0,YEM_N,0.2
0.11,NA,"Yemen, N.Arab",1955,32,0,YEM_N,0.2
0.12,NA,"Yemen, N.Arab",1960,33,1,YEM_N,0.2
0.06,NA,"Yemen, N.Arab",1965,34,1,YEM_N,0.5
0.5,NA,"Yemen, N.Arab",1970,35,1,YEM_N,0.35
0.1666667,NA,"Yemen, N.Arab",1975,36,1,YEM_N,0.3
0.1666667,NA,"Yemen, N.Arab",1980,37,1,YEM_N,0.2
0.3333333,NA,"Yemen, N.Arab",1985,38,1,YEM_N,0.2
NA,NA,"Yemen, N.Arab",1990,39,1,YEM_N,0.25
NA,NA,"Yemen, N.Arab",1995,40,1,YEM_N,NA
NA,NA,"Yemen, N.Arab",2000,41,1,YEM_N,NA
NA,NA,"Yemen, South",1950,31,0,YEM_S,NA
NA,NA,"Yemen, South",1955,32,0,YEM_S,NA
NA,NA,"Yemen, South",1960,33,0,YEM_S,NA
NA,NA,"Yemen, South",1965,34,0,YEM_S,NA
0,NA,"Yemen, South",1970,35,0,YEM_S,0.2
0,NA,"Yemen, South",1975,36,1,YEM_S,0.15
0.1666667,NA,"Yemen, South",1980,37,1,YEM_S,0.1
0.1666667,NA,"Yemen, South",1985,38,1,YEM_S,0.1
NA,NA,"Yemen, South",1990,39,1,YEM_S,0.15
NA,NA,"Yemen, South",1995,40,1,YEM_S,NA
NA,NA,"Yemen, South",2000,41,1,YEM_S,NA
NA,NA,Yugoslavia - post 1991,1950,31,0,YUG,NA
NA,NA,Yugoslavia - post 1991,1955,32,0,YUG,NA
NA,NA,Yugoslavia - post 1991,1960,33,0,YUG,NA
NA,NA,Yugoslavia - post 1991,1965,34,0,YUG,NA
NA,NA,Yugoslavia - post 1991,1970,35,0,YUG,NA
NA,NA,Yugoslavia - post 1991,1975,36,0,YUG,NA
NA,NA,Yugoslavia - post 1991,1980,37,0,YUG,NA
NA,NA,Yugoslavia - post 1991,1985,38,0,YUG,NA
NA,NA,Yugoslavia - post 1991,1990,39,0,YUG,NA
0.1666667,NA,Yugoslavia - post 1991,1995,40,0,YUG,0.15
0.5,NA,Yugoslavia - post 1991,2000,41,1,YUG,0.85
NA,NA,Yugoslavia-pre 1991,1950,31,0,YUG_1,0.15
NA,NA,Yugoslavia-pre 1991,1955,32,0,YUG_1,0.15
0.43,NA,Yugoslavia-pre 1991,1960,33,1,YUG_1,0.15
0.51,NA,Yugoslavia-pre 1991,1965,34,1,YUG_1,0.15
0.1666667,NA,Yugoslavia-pre 1991,1970,35,1,YUG_1,0.15
0.1666667,NA,Yugoslavia-pre 1991,1975,36,1,YUG_1,0.15
0.1666667,NA,Yugoslavia-pre 1991,1980,37,1,YUG_1,0.25
0.1666667,NA,Yugoslavia-pre 1991,1985,38,1,YUG_1,0.25
0.3333333,NA,Yugoslavia-pre 1991,1990,39,1,YUG_1,0.25
NA,NA,Yugoslavia-pre 1991,1995,40,1,YUG_1,NA
NA,NA,Yugoslavia-pre 1991,2000,41,1,YUG_1,NA
0.67,8.324184,South Africa,1950,31,0,ZAF,0.7
0.64,8.423112,South Africa,1955,32,0,ZAF,0.7
0.65,8.509544,South Africa,1960,33,1,ZAF,0.7
0.59,8.682797,South Africa,1965,34,1,ZAF,0.7
0.8333333,8.836061,South Africa,1970,35,1,ZAF,0.7
0.5,8.930145,South Africa,1975,36,1,ZAF,0.7
0.3333333,8.980937,South Africa,1980,37,1,ZAF,0.7
0.3333333,8.966209,South Africa,1985,38,1,ZAF,0.7
0.3333333,8.960091,South Africa,1990,39,1,ZAF,0.75
1,8.884942,South Africa,1995,40,1,ZAF,0.95
1,8.928168,South Africa,2000,41,1,ZAF,0.95
NA,6.551328,"Congo, Dem. Rep.",1950,31,0,ZAR,NA
NA,6.864523,"Congo, Dem. Rep.",1955,32,0,ZAR,NA
0.5,6.887443,"Congo, Dem. Rep.",1960,33,0,ZAR,NA
0.38,6.854628,"Congo, Dem. Rep.",1965,34,1,ZAR,0.05
0,6.96187,"Congo, Dem. Rep.",1970,35,1,ZAR,0.05
0,6.868011,"Congo, Dem. Rep.",1975,36,1,ZAR,0.05
0.1666667,6.583971,"Congo, Dem. Rep.",1980,37,1,ZAR,0.05
0,6.466287,"Congo, Dem. Rep.",1985,38,1,ZAR,0.05
0.1666667,6.349827,"Congo, Dem. Rep.",1990,39,1,ZAR,0.1
0,5.773925,"Congo, Dem. Rep.",1995,40,1,ZAR,NA
0,NA,"Congo, Dem. Rep.",2000,41,1,ZAR,NA
NA,NA,Zambia,1950,31,0,ZMB,NA
NA,6.81067,Zambia,1955,32,0,ZMB,NA
NA,7.095546,Zambia,1960,33,0,ZMB,NA
0.67,7.288107,Zambia,1965,34,0,ZMB,0.6
0.3333333,7.196794,Zambia,1970,35,1,ZMB,0.5
0.3333333,7.210035,Zambia,1975,36,1,ZMB,0.05
0.3333333,7.122066,Zambia,1980,37,1,ZMB,0.05
0.3333333,6.995224,Zambia,1985,38,1,ZMB,0.05
0.1666667,6.928319,Zambia,1990,39,1,ZMB,0.05
0.6666667,6.702427,Zambia,1995,40,1,ZMB,0.8
0.3333333,6.793074,Zambia,2000,41,1,ZMB,0.55
NA,NA,Zimbabwe,1950,31,0,ZWE,NA
NA,6.969616,Zimbabwe,1955,32,0,ZWE,NA
NA,7.116216,Zimbabwe,1960,33,0,ZWE,NA
NA,7.272482,Zimbabwe,1965,34,0,ZWE,NA
0.1666667,7.675437,Zimbabwe,1970,35,1,ZWE,0.7
0.1666667,7.831994,Zimbabwe,1975,36,1,ZWE,0.7
0.6666667,7.876341,Zimbabwe,1980,37,1,ZWE,0.75
0.5,7.913739,Zimbabwe,1985,38,1,ZWE,0.55
0.1666667,7.977293,Zimbabwe,1990,39,1,ZWE,0.2
0.3333333,7.882274,Zimbabwe,1995,40,1,ZWE,0.2
0.1666667,7.818621,Zimbabwe,2000,41,1,ZWE,0.25
